artifact_id,path,category,size_bytes,sha256
ART-00001,.gitattributes,repository_control,764,8899a204252b4be78b8f9e01dd90cb6cabb8dd349b003782decc59d1ff10fbcc
ART-00002,.gitignore,repository_control,719,e0996202a26442b0d33de9e28f38e790d1fe236b9a71039a4799b50e2b664c39
ART-00003,analysis/feature_selection/ECG Data Analysis.csv,feature_analysis,41076,9e4b9703111caff8b9f49c05a5608273d0ce1a67e3dadd2a39977b79422fe7ce
ART-00004,analysis/feature_selection/Top 10 Features Box plotting.docx,feature_analysis,174801,c22b5da7b92503e0d62583b7f8224735d769d5b2eeb5a0e8cb7d15e8c56c491d
ART-00005,analysis/README_KR.md,feature_analysis,423,746e8835537d5201aed9868955494276643df590c7a3c69b6f6d24641215de2c
ART-00006,datasets/DATASET_LICENSES.md,dataset_manifest_or_derived_input,2274,62bb662e0f0289ed4f4ab5f689190e646c6af7fb35d876ceb2ac47ec172dd0a4
ART-00007,datasets/dataset_manifest.yaml,dataset_manifest_or_derived_input,6419,d0b02cf2331e486aeb8c0fd55ba17614d247a974657cfe1c325d2b2b6dd7dcfd
ART-00008,datasets/README.md,dataset_manifest_or_derived_input,2589,740fd41d3ccba2163a71968004411f1f4fdb62ee410ae130ba46b30da015eefc
ART-00009,datasets/requirements-reproduction.txt,dataset_manifest_or_derived_input,39,ba816d91d3c9fb75b654448bf6bbada83c90d0e431d360f2f23bd4baad523b0a
ART-00010,datasets/SHA256SUMS_EXPECTED.txt,dataset_manifest_or_derived_input,98934,5fd63e832a6bc7f994f0236362bc6006d8479a3538148365f48843535484ee57
ART-00011,datasets/xmodel_afe_adc_outputs/case_manifest_36case.txt,dataset_manifest_or_derived_input,2359,102c3fe77a18c942f482bcd99b3b99efb2eee88de2afb8a9fc88dae61bc84530
ART-00012,datasets/xmodel_afe_adc_outputs/README_KR.md,dataset_manifest_or_derived_input,1302,8f618ef856c3f18e20d3504537cd612078519b0d30b8459fae48a28f16667dce
ART-00013,datasets/xmodel_afe_adc_outputs/representative_4case/accepted_AFF_afdb_06995_chunk01.mem,dataset_manifest_or_derived_input,7200000,aa1ad761304577bc5b0e155662eae8b3ef92764a8c8a87bb4ec45bc3fde5ac33
ART-00014,datasets/xmodel_afe_adc_outputs/representative_4case/accepted_ARR_mitdb_102_chunk00.mem,dataset_manifest_or_derived_input,7200000,9598048fc02782870d749ae54ceea063e4d08ab3b5e2c844d58046743d0ae6e6
ART-00015,datasets/xmodel_afe_adc_outputs/representative_4case/accepted_CHF_chfdb_chf06_chunk06.mem,dataset_manifest_or_derived_input,7200000,9d87db70fc9224c8fab7f2e035dec32201da14b79b1f61df015937974b221417
ART-00016,datasets/xmodel_afe_adc_outputs/representative_4case/accepted_NSR_nsrdb_16272_chunk03.mem,dataset_manifest_or_derived_input,7200000,71541d54f921632c229570d0b1298ec6d87653eb0b2e85cc1f77217c2723f541
ART-00017,design/analog/ltspice/audit/component_crosswalk.csv,design_source_or_fixed_result,2624,9c6570dd65c2d7b8807328f4743e4590502996c54a4b9cc3fe29e14cc27506e3
ART-00018,design/analog/ltspice/audit/component_crosswalk_xmodel_aligned.csv,design_source_or_fixed_result,1329,885f84b7c2b7f163c23cebd79991fc684889f36886c88563e6f96d7258321d0e
ART-00019,design/analog/ltspice/audit/docx_extracted_summary.md,design_source_or_fixed_result,1874,528fa428becb25e06757d784e056a8ea03103fb9db5fed11f727f6242707b88f
ART-00020,design/analog/ltspice/audit/finalized_schematic_change.md,design_source_or_fixed_result,2395,7e6e051e7b9675ee4098c5882e951432db87c9658f3b2abd9e86058a45594369
ART-00021,design/analog/ltspice/audit/node_map.csv,design_source_or_fixed_result,2030,7f97691a5af7fd7e68e6d0fbda6258ab02be7351e7376a434550f61e9a82636f
ART-00022,design/analog/ltspice/audit/report_vs_schematic.csv,design_source_or_fixed_result,4833,ab59f0329c4b2b0108078b23fdf29811e0fc1a8424db31bfd3b52c66074c94c7
ART-00023,design/analog/ltspice/audit/report_vs_xmodel_aligned.csv,design_source_or_fixed_result,2247,6acc7bce906d878e30752b6d8f994d64dac00d37327b9caa0bd14c7051fb3f98
ART-00024,design/analog/ltspice/audit/schematic_audit.md,design_source_or_fixed_result,5905,e83fbd67e6083bbeb98d65ad8c879587548b1ec8641dcb74f67e63ad97bc8fbd
ART-00025,design/analog/ltspice/audit/xmodel_alignment_audit.md,design_source_or_fixed_result,2463,6f22251e5e17e393ba7ca810a29e5d42f3c41ae18a1f8ddc599ba5adb594e739
ART-00026,design/analog/ltspice/environment.txt,design_source_or_fixed_result,1861,67ff67e13d06139df483e714eea26c9a3b7d0aa457f13f7cc986d2dbf7ad3fcc
ART-00027,design/analog/ltspice/FULL_AFE_ADC_SH.asc,design_source_or_fixed_result,8162,a256fb8d38cb34825958bfe9cd9f7c0c44032a842190d9e8b9434b82e662ea31
ART-00028,design/analog/ltspice/handoff_manifest.csv,design_source_or_fixed_result,8257,4f964f33eaee971541464fb78753ac6ba826ec0284611dfe5263d446190b8818
ART-00029,design/analog/ltspice/original_sha256.txt,design_source_or_fixed_result,797,1de8cc42c7c2401295a1c3660e0e03ae24e06bf0fc6e35d76c19d83efc20173c
ART-00030,design/analog/ltspice/patient100_ecg_10s.txt,design_source_or_fixed_result,68295,5c8de5435f97c6f9320b398869538cd6992caa6250825d89a9fd3d019fecca36
ART-00031,design/analog/ltspice/README.md,design_source_or_fixed_result,4257,e023d7d0374c9390eeca61492f301c4674ad314ee36fe933bfa4598be34d2579
ART-00032,design/analog/ltspice/README_HANDOFF_KO.md,design_source_or_fixed_result,4073,b60c0ee73cb1c68e93e454cd82854b44bb377f4e07ca9d333ab63d5c419ff035
ART-00033,design/analog/ltspice/reference/REFERENCE_PROVENANCE.md,design_source_or_fixed_result,1604,a5a551dc7a3ea6cf20e6d2117394f7dbc1f9a0541492ebef452b8eefbe09dba2
ART-00034,design/analog/ltspice/reference/xmodel_alignment/tb_xmodel_correlation.sv,design_source_or_fixed_result,1581,31ee06b1ff0ee8c6ff244b53301fc416d4eb4cdd9b4441e7e6ab61e057b18c4c
ART-00035,design/analog/ltspice/report/figure_captions_ko.md,design_source_or_fixed_result,2589,caa0baf84ffad28b1f09e29de4d7f2875ff1aafdc98658e8808040f112438e89
ART-00036,design/analog/ltspice/report/finalized_schematic_handoff_ko.md,design_source_or_fixed_result,1402,e781c38e3c131913b9a48769c846a3b1e9b5e322d388fc9743114e7989bf7efb
ART-00037,design/analog/ltspice/report/limitations_ko.md,design_source_or_fixed_result,1132,b7d8a15f01c6b4c8f95200eba60b8ab2ae16a95807b4565341cf7e6da325c04d
ART-00038,design/analog/ltspice/report/matlab_ltspice_interpretation_ko.md,design_source_or_fixed_result,951,8f818b1a40a3b1996f1ffe9216f3d0ccdf07fb103e49010a480591c7f2d410ab
ART-00039,design/analog/ltspice/report/report_update_draft_ko.md,design_source_or_fixed_result,7153,1a70036c9cfa3380e846e74a31d457221379bcbb1ebcc5823db4a87bc9ecafd1
ART-00040,design/analog/ltspice/report/stress_interpretation_ko.md,design_source_or_fixed_result,1935,a5ddfed6fd59f5ef47cc000377d96a4d4f0104f3f123740de16681502255a8e0
ART-00041,design/analog/ltspice/requirements.txt,design_source_or_fixed_result,12,4ddc9fac6812009f664a46c80b8fd573c9f2bcc4ac391cca9531ca94cd432e63
ART-00042,design/analog/ltspice/results/xmodel_aligned/nominal/ltspice_track_hold_adc_signed.mem,design_source_or_fixed_result,40092,5e1ffe341a899fd0aa57f53aeac4beca1334aa3816cec59026b521665df53489
ART-00043,design/analog/ltspice/results/xmodel_aligned/nominal/ltspice_xmodel_aligned_adc_samples.csv,design_source_or_fixed_result,996799,863065850af8c524def5f36c1141553f1ed0a82667729505792bb09b773bf03d
ART-00044,design/analog/ltspice/results/xmodel_aligned/nominal/ltspice_xmodel_equivalent_adc_signed.mem,design_source_or_fixed_result,40103,78855779685d3274d1f258a1b0b18134c633f7d54c0786c70409d9988f63a9f4
ART-00045,design/analog/ltspice/schematics/xmodel_aligned/FULL_AFE_AC_NOTCH.asc,design_source_or_fixed_result,9329,628a03947b23031a0a1085699b622165ab4052c9900549cd609a8e24a5b2dad3
ART-00046,design/analog/ltspice/schematics/xmodel_aligned/FULL_AFE_AC_TOTAL.asc,design_source_or_fixed_result,9273,c13dafc84f9451e55b9b973a6163a656a506979b6a26aa283fb59ce4674d304f
ART-00047,design/analog/ltspice/schematics/xmodel_aligned/FULL_AFE_ADC_SH_xmodel_aligned.asc,design_source_or_fixed_result,9336,84d49b8051075d5b9b1722b6737be82c896636eb262c0f3aafbf05bc9b9b3e56
ART-00048,design/analog/ltspice/schematics/xmodel_aligned/patient100_xmodel_drive_10s.txt,design_source_or_fixed_result,129191,f6083ebc9baf5032f0bbbb095b25e14de425192995815a49f4d39a87a3af86ac
ART-00049,design/analog/ltspice/schematics/xmodel_aligned/XOpAmp_XMODEL.asy,design_source_or_fixed_result,778,c6e9b195f936e9380e4d794b669fd574e2c4d96595e9fbb369fe861e882edeef
ART-00050,design/analog/ltspice/schematics/xmodel_aligned/XOpAmp_XMODEL.lib,design_source_or_fixed_result,646,78c0b09a971688a442f1b8c9c2c4e037b15f28a43230f1a38b0698eb0b3ccdab
ART-00051,design/analog/ltspice/scripts/compare_xmodel_ltspice.py,design_source_or_fixed_result,3275,de45e2f7b3fe5362e6c843fd2437e530d2c6326411c6fd602f3f989dcd777749
ART-00052,design/analog/ltspice/scripts/generate_xmodel_aligned_testbenches.py,design_source_or_fixed_result,9940,4a36ee753764b4be9c3509aa3a2b3d8bfc5edfa9de8ad6b3856dd751248a1c0a
ART-00053,design/analog/ltspice/scripts/parse_results.py,design_source_or_fixed_result,33809,cbb5e134b62f852a58dc3c33c1df0f24fa483efca2748b6ab0ca7c58a4bc2524
ART-00054,design/analog/ltspice/scripts/parse_xmodel_aligned_results.py,design_source_or_fixed_result,30243,a992b30d90322e535bbaf17e9a7180923204fe16d3e52a8df7c29ef001923ffe
ART-00055,design/analog/ltspice/scripts/prepare_xmodel_aligned.py,design_source_or_fixed_result,5240,49901ae625a4aee11120f8cade8294a6c79141972e8100297f7c89c921d89f66
ART-00056,design/analog/ltspice/scripts/qc_xmodel_aligned.py,design_source_or_fixed_result,3599,eaeb7ce8fc21d1876dc8cba67510eccc42a1468e6c7e18ac4dbfa58b0b284ced
ART-00057,design/analog/ltspice/scripts/run_all.ps1,design_source_or_fixed_result,3814,153540b52afdbb192e9ae44e567035ce0b102116ac53a53b124d055124ca4fd7
ART-00058,design/analog/ltspice/scripts/run_fixed_xmodel_correlation.sh,design_source_or_fixed_result,1532,74d0fab52a28e20d3de052dff589b21e4a10ce54ef791a42a4e448ff6ca7a7f2
ART-00059,design/analog/ltspice/scripts/run_ltspice.ps1,design_source_or_fixed_result,3046,0c749dc0c1100db656adb5275095dbb5be617f2a003fb10ad8b303b1c32cf6d4
ART-00060,design/analog/ltspice/source_manifest.csv,design_source_or_fixed_result,900,61e435bedc82d0dfc637200c2632c0f717f7cd172d4ea1ee84b31294cef9fec0
ART-00061,design/analog/ltspice/tables/matlab_ltspice_comparison.csv,design_source_or_fixed_result,12997,dd602ec95a83b684ee7cd2f66ac5f8870069f8a6386fef9ec82104f794c796c7
ART-00062,design/analog/ltspice/tables/result_qc.csv,design_source_or_fixed_result,805,17f09e5ac5a88d1b29325a256cb942db85d8eb5eec196282f5c87e8e3ff056a6
ART-00063,design/analog/ltspice/tables/stress_matrix.csv,design_source_or_fixed_result,4194,4848a95686387dee8c8399b3072ce327a2bae2e3898e5588369b22c434da2dcb
ART-00064,design/analog/ltspice/tables/xmodel_aligned_adc_mapping_metrics.csv,design_source_or_fixed_result,2848,c6d292f65e4fb269fa473638abda13662110b620a70b5762a97a3dcac5b12356
ART-00065,design/analog/ltspice/tables/xmodel_aligned_artifact_sha256.csv,design_source_or_fixed_result,785,6bb9dd3c454817730d85b2743bef48f87dae6919c8eae41d37a00490f1ae46cb
ART-00066,design/analog/ltspice/tables/xmodel_aligned_execution_manifest.csv,design_source_or_fixed_result,7468,53a73a43e65012f557a3d59db7d42f43b66b953a56625e23bbac3a34b5cfedc2
ART-00067,design/analog/ltspice/tables/xmodel_aligned_ltspice_xmodel_correlation.csv,design_source_or_fixed_result,13269,5929a9cd57cc8fa9c30fbc4bbd1d0061a1f6ccf523dd61442f12e58e1445f7f6
ART-00068,design/analog/ltspice/tables/xmodel_aligned_nominal_ac_metrics.csv,design_source_or_fixed_result,3932,a79bb2a43b04ed22c0613358eabdc576f92f59da80d24541110e886839e50478
ART-00069,design/analog/ltspice/tables/xmodel_aligned_nominal_transient_metrics.csv,design_source_or_fixed_result,28957,6fdb1b31895cd233595db483d297f3457d4ebede2b6e364efe70c482fd2b0ee6
ART-00070,design/analog/ltspice/tables/xmodel_aligned_stress_matrix.csv,design_source_or_fixed_result,4194,4848a95686387dee8c8399b3072ce327a2bae2e3898e5588369b22c434da2dcb
ART-00071,design/analog/ltspice/tables/xmodel_aligned_stress_results.csv,design_source_or_fixed_result,43242,879ba4c73219d23c905d3f7c06baea23363537db4cbfc2c21b2a47d4f7d6d11a
ART-00072,design/analog/ltspice/tables/xmodel_aligned_timestep_convergence.csv,design_source_or_fixed_result,1220,245df8a1b1de9f26124f6ca3b6cc6e1b4e0eced1a07ea8b27c4cc4e7de725d11
ART-00073,design/analog/ltspice/tables/xmodel_aligned_track_hold_metrics.csv,design_source_or_fixed_result,3636,bdbcd545efc31f5cc3251af8ac06e0a830b0036a67f3f1b478ecd1638b1f3a55
ART-00074,design/analog/ltspice/VALIDATION_PLAN.md,design_source_or_fixed_result,3120,9bda18d3fae933625ac51c85647147cf3707af66dc27d2e1415e5fdf7ca41d5b
ART-00075,design/analog/matlab/.gitattributes,design_source_or_fixed_result,383,9f9575c24b4a716f06d2860b1a2f689b9214ff44cd6637d9f15b1621db733e67
ART-00076,design/analog/matlab/active_twin_t_response.m,design_source_or_fixed_result,1570,882cddbb1a390a68b5455c90a5fcbbd1ece028e826f4e377e9d52050a52d1d5a
ART-00077,design/analog/matlab/afe_adc_model.m,design_source_or_fixed_result,1721,ebb17b2083a797b011dba6b11f3695790802c0fb8758cef61f4b41c90d27f99e
ART-00078,design/analog/matlab/afe_adc_params.m,design_source_or_fixed_result,1387,2532dff194eb9b9afc9e36cc11186260f57a95296a037ad921aca79657a3d9c1
ART-00079,design/analog/matlab/design_afe_filters.m,design_source_or_fixed_result,1608,2012786ccf4abad2e4ed51dc3ab5c3e7c3cdd37ffcb04540b225d061623fce03
ART-00080,design/analog/matlab/docs/adc_code_mapping_convention.md,design_source_or_fixed_result,4474,49abe431c5035c15d239affc804f53c068730a11a2b53fad4e970f9229c35c66
ART-00081,design/analog/matlab/docs/afe_adc_parameter_reference.md,design_source_or_fixed_result,2338,0b2f561abdf7306697eda30112f12d6a5cf5ddfbefbf9738d3bcc7b6c4418e50
ART-00082,design/analog/matlab/docs/dynamic_range_headroom_reference.md,design_source_or_fixed_result,1541,743bf72eefa5186b640bc8362c05463dcb4da8a662c94f8d208cd51cdf9d1da7
ART-00083,design/analog/matlab/docs/frequency_response_reference.md,design_source_or_fixed_result,6693,5658f2f9bf6da1f630a1fa7dfaa1c8fbd9579e831dad867949ab6a4d8a0fee14
ART-00084,design/analog/matlab/docs/INPUT_DATASET_MANIFEST.md,design_source_or_fixed_result,5349,57e30ea2a5ee2a9ad8441212cac9b5e61b3c294541cabaaf50cac511ec28d607
ART-00085,design/analog/matlab/docs/MATLAB_TO_XMODEL_HANDOFF.md,design_source_or_fixed_result,3807,7a08929e4518ccb54e2c367be0360967b9b95454fd963620b109f3b3b14acfed
ART-00086,design/analog/matlab/docs/notch_60hz_reference.md,design_source_or_fixed_result,1416,b0e2799984859777598d5f86d74c3dcbdc74ca5a1ad7dcfbd74d988acc5cbf5a
ART-00087,design/analog/matlab/docs/VALIDATION_STATUS.md,design_source_or_fixed_result,2424,361b5dbac64b68c6b1e050bef3525b37c48f1b662b5cb1d38e0e75fc89485fdd
ART-00088,design/analog/matlab/freq_response_discrete.m,design_source_or_fixed_result,952,ea3fe6474eb669596a952547737bf7d2c0be8423d7471ff71141bfbc93ad8b0f
ART-00089,design/analog/matlab/generate_ecg_input.m,design_source_or_fixed_result,5862,346c96ce8d378fdd76af9f009ad227b3a40948993327938e42ff4c71e8b86f04
ART-00090,design/analog/matlab/generate_prevalidation_reference_package.m,design_source_or_fixed_result,59059,465c9bbcf70c4c80e3ae0c8a4b432fe4d49da889bfa1f27d3454de45ec7f1b0e
ART-00091,design/analog/matlab/input_data/patient100_ecg_10s.txt,design_source_or_fixed_result,68295,5c8de5435f97c6f9320b398869538cd6992caa6250825d89a9fd3d019fecca36
ART-00092,design/analog/matlab/load_afe_input_record.m,design_source_or_fixed_result,4397,7eb1cfcada9d0131a58e4bff5a1863c7d8d9b4ec1166e5e01f16631a9dfa7c77
ART-00093,design/analog/matlab/parse_pwl_file.m,design_source_or_fixed_result,3880,605f7dea11eae790073b52502f2ce786a3188ac79829e7bb96c4306b2243f786
ART-00094,design/analog/matlab/plot_afe_frequency_response.m,design_source_or_fixed_result,1626,25b04d5928e644ab7049c7b3dc9d57bd05e559f2c165e8eea468e0034f44f617
ART-00095,design/analog/matlab/plot_afe_time_domain.m,design_source_or_fixed_result,1860,87c6620867f5a7600fee1c0fab0c3faa940b7c0bec2d8de781671b3093a16297
ART-00096,design/analog/matlab/print_afe_spec_summary.m,design_source_or_fixed_result,851,0f629859e411264b9fa93305b13a184bb95a39eaaf160db9de01367b52d58213
ART-00097,design/analog/matlab/README.md,design_source_or_fixed_result,9804,3acdaa0269fbf297d2f5f98d739bb31d086ee97b1e39b79eff9c0629a341460f
ART-00098,design/analog/matlab/reference_vectors/AFF/adc_offset_binary.mem,design_source_or_fixed_result,240000,0f03e0e2c8f50e9c188a1c859c5c0e914a80877dbd73d5624993e1f8f96e93d8
ART-00099,design/analog/matlab/reference_vectors/AFF/adc_signed.txt,design_source_or_fixed_result,206825,cedcd000123a013172f9d5bb0b19fca85cc38d9985dc92ab4d41a0eb8e3f3994
ART-00100,design/analog/matlab/reference_vectors/AFF/adc_signed_twos_complement.mem,design_source_or_fixed_result,240000,232a83b062eefbed8fbb81f45e53a61e821f75cf8c5e4704d112b9917306fa46
ART-00101,design/analog/matlab/reference_vectors/AFF/input.csv,design_source_or_fixed_result,1586150,d55bba730a8c2a0dd521a1c880ac56dd587182ab981f454686d43ea56bec4d7f
ART-00102,design/analog/matlab/reference_vectors/ARR/adc_offset_binary.mem,design_source_or_fixed_result,240000,1c218ac363c580317d7acd18a7a869c58ef0c11c7420f12d4b0191083c5bb6ca
ART-00103,design/analog/matlab/reference_vectors/ARR/adc_signed.txt,design_source_or_fixed_result,219589,19e3152e9112afbe04de6c73616f57ac07c8e040f9ce1ce6f5c046621218e7bc
ART-00104,design/analog/matlab/reference_vectors/ARR/adc_signed_twos_complement.mem,design_source_or_fixed_result,240000,3b6b78c5a7a78daf4efdc42dafd49fccf7a82642377f1fd0e45d2c1e249aad7b
ART-00105,design/analog/matlab/reference_vectors/ARR/input.csv,design_source_or_fixed_result,1598628,027cd0b0540baf34eaf2c8cd6056dc5ce8d4a8857841df6921556714b04c4646
ART-00106,design/analog/matlab/reference_vectors/CHF/adc_offset_binary.mem,design_source_or_fixed_result,240000,ae7ec806059809121fd5524bb634fa8d2ceaaeaa158f38ce833f771fe085a42c
ART-00107,design/analog/matlab/reference_vectors/CHF/adc_signed.txt,design_source_or_fixed_result,221866,7bb51735287c7162df27d5327a4d9199c45bbc07e58ced45dd6addd3eca2d2b6
ART-00108,design/analog/matlab/reference_vectors/CHF/adc_signed_twos_complement.mem,design_source_or_fixed_result,240000,74fa0f79ed8ef44a20e32f555bc904a309e94f127485b26673dec8cec45632b8
ART-00109,design/analog/matlab/reference_vectors/CHF/input.csv,design_source_or_fixed_result,1618855,1887226971c87366c7c9116398c89757a4b953562337334c8f1510cf945e5e59
ART-00110,design/analog/matlab/reference_vectors/NSR/adc_offset_binary.mem,design_source_or_fixed_result,240000,a9da5909aa345e89bd9a0357f33a7e92bdf8263e6d916e617dd4de26114cb1ba
ART-00111,design/analog/matlab/reference_vectors/NSR/adc_signed.txt,design_source_or_fixed_result,216136,41c790933d3176faec4df796b76138386ce7d45c3644186ca218c8005ec35441
ART-00112,design/analog/matlab/reference_vectors/NSR/adc_signed_twos_complement.mem,design_source_or_fixed_result,240000,e83abe24458b9bfb45c72d58b2c47f3186f2ddb89c4ce8de5e0e15c61ce23051
ART-00113,design/analog/matlab/reference_vectors/NSR/input.csv,design_source_or_fixed_result,1451439,f2ac2abd15b15836898089b998561f36cd60f2d08c649ae76c8e9ffab553bb30
ART-00114,design/analog/matlab/reference_vectors/reference_vector_manifest.csv,design_source_or_fixed_result,2835,f784e9f7f4eccf6b1fb98c21c970dd836d49c8f8228d30f3f78d9a5bf024d0b2
ART-00115,design/analog/matlab/reference_vectors/reference_vector_manifest.md,design_source_or_fixed_result,4440,00869627879f333300ffd0f24d570a7f5d718b036cbe389687b77dcf600d79eb
ART-00116,design/analog/matlab/results_dataset/adc_code_mapping_test.csv,design_source_or_fixed_result,1552,8efa83fa1f9772e27909ef095bf9a023dc05a59a2df29247cb59e115c8a0a1b5
ART-00117,design/analog/matlab/results_dataset/afe_adc_parameter_reference.csv,design_source_or_fixed_result,1849,7b5e1c99be853a0dcd78d4e772031867d1360ee92a4fd1cdf41732146a5a95d6
ART-00118,design/analog/matlab/results_dataset/afe_adc_spec_summary.csv,design_source_or_fixed_result,204,580e73d0a9456443ac337d1ba0af2258d9fc153be495e7d9e51d7af82dd3d280
ART-00119,design/analog/matlab/results_dataset/afe_dataset_dynamic_range_summary.csv,design_source_or_fixed_result,702,458928dda1b5487c91cb38dfb41eb775eeeb54de3ba3901ed3b3c8d004726362
ART-00120,design/analog/matlab/results_dataset/afe_dataset_input_summary.csv,design_source_or_fixed_result,809,06b874b301b9a1a9272d181730e46e5ef505ab7cf6d37e81672b69ab9db57bae
ART-00121,design/analog/matlab/results_dataset/afe_dynamic_range_headroom_summary.csv,design_source_or_fixed_result,1080,657e89315ddc683abdf85cb0ecf3de4015a83eb0712548f367ab71aedcfb7b5d
ART-00122,design/analog/matlab/results_dataset/afe_frequency_response_metrics.csv,design_source_or_fixed_result,5661,6862a110bbdfb03ff5cf7aacf40deade0d7a82627b814ce3a215b2e88390554e
ART-00123,design/analog/matlab/results_dataset/AFF/afe_adc_dynamic_range_metrics.csv,design_source_or_fixed_result,255,7a8d15888613a63c90f2bd78cdfec4f5f8fd7dc118515b5e5c145755d57cbde7
ART-00124,design/analog/matlab/results_dataset/AFF/matlab_adc_offset_binary_hex.mem,design_source_or_fixed_result,240000,0f03e0e2c8f50e9c188a1c859c5c0e914a80877dbd73d5624993e1f8f96e93d8
ART-00125,design/analog/matlab/results_dataset/AFF/matlab_adc_signed_decimal.txt,design_source_or_fixed_result,206825,cedcd000123a013172f9d5bb0b19fca85cc38d9985dc92ab4d41a0eb8e3f3994
ART-00126,design/analog/matlab/results_dataset/ARR/afe_adc_dynamic_range_metrics.csv,design_source_or_fixed_result,255,3b50bf659750087c079de0f34829321066d8da50e89d9f4262ea62af0270e1d7
ART-00127,design/analog/matlab/results_dataset/ARR/matlab_adc_offset_binary_hex.mem,design_source_or_fixed_result,240000,1c218ac363c580317d7acd18a7a869c58ef0c11c7420f12d4b0191083c5bb6ca
ART-00128,design/analog/matlab/results_dataset/ARR/matlab_adc_signed_decimal.txt,design_source_or_fixed_result,219589,19e3152e9112afbe04de6c73616f57ac07c8e040f9ce1ce6f5c046621218e7bc
ART-00129,design/analog/matlab/results_dataset/CHF/afe_adc_dynamic_range_metrics.csv,design_source_or_fixed_result,255,0fe23eff6fe82bb71a2ba91290989de0bbb601893294f639767d87988c610481
ART-00130,design/analog/matlab/results_dataset/CHF/matlab_adc_offset_binary_hex.mem,design_source_or_fixed_result,240000,ae7ec806059809121fd5524bb634fa8d2ceaaeaa158f38ce833f771fe085a42c
ART-00131,design/analog/matlab/results_dataset/CHF/matlab_adc_signed_decimal.txt,design_source_or_fixed_result,221866,7bb51735287c7162df27d5327a4d9199c45bbc07e58ced45dd6addd3eca2d2b6
ART-00132,design/analog/matlab/results_dataset/input_dataset_manifest.csv,design_source_or_fixed_result,3512,6eedfd8af01e2ab486dc8d5e5cf4195fedc42988455edb640eb072f30f073975
ART-00133,design/analog/matlab/results_dataset/notch_dense_sweep_metrics.csv,design_source_or_fixed_result,756,6a4d901d5c0795a4dbda2d98157808d157e91338fced540f03a3c03ecfdc9a9a
ART-00134,design/analog/matlab/results_dataset/NSR/afe_adc_dynamic_range_metrics.csv,design_source_or_fixed_result,253,2ab2f27f5b43c0848f059c38a550d42401f0e0c1552af3b50350e843f17d8c27
ART-00135,design/analog/matlab/results_dataset/NSR/matlab_adc_offset_binary_hex.mem,design_source_or_fixed_result,240000,a9da5909aa345e89bd9a0357f33a7e92bdf8263e6d916e617dd4de26114cb1ba
ART-00136,design/analog/matlab/results_dataset/NSR/matlab_adc_signed_decimal.txt,design_source_or_fixed_result,216136,41c790933d3176faec4df796b76138386ce7d45c3644186ca218c8005ec35441
ART-00137,design/analog/matlab/results_dataset/record100_NSR/afe_adc_dynamic_range_metrics.csv,design_source_or_fixed_result,276,069e0a8dae02bdb6d2a9be23fe81aead346f206c81790da0bb9794d141e7297e
ART-00138,design/analog/matlab/results_dataset/record100_NSR/matlab_adc_offset_binary_hex.mem,design_source_or_fixed_result,40000,5dab71a3a2a29236339835d1d403c88b793199f979ea69cec071be7f8106140b
ART-00139,design/analog/matlab/results_dataset/record100_NSR/matlab_adc_signed_decimal.txt,design_source_or_fixed_result,33162,3c875955705eed9c16d6885d3cf5fabd09f3c960056a3c19b9553eb0a966618e
ART-00140,design/analog/matlab/run_afe_adc_validation.m,design_source_or_fixed_result,1401,892eea9c6149efc816e270dac9056531c0cff66b8f9117fa61f7f9c33b4f9409
ART-00141,design/analog/matlab/run_afe_dataset_validation.m,design_source_or_fixed_result,5384,13223323e07bafeee80621fe3ccbfdc5a55d98bdb0422df74242e3cdea8c7097
ART-00142,design/analog/matlab/run_all_matlab_afe_prevalidation.m,design_source_or_fixed_result,1900,820fc691d97692d86d16aedc0c7ede8752d13460827ae8fa5333883d577ee1cc
ART-00143,design/analog/matlab/save_afe_outputs.m,design_source_or_fixed_result,1064,d97c0bd553dc5e335a8d979df6cefa39898765e4523b8b4ef14c678634445050
ART-00144,design/analog/matlab/verify_reference_vector_manifest.m,design_source_or_fixed_result,2942,c7149087e2319734399f5133c083a0c9eb387ad31923dfcaef7069c8becebda8
ART-00145,design/analog/xmodel/.gitignore,design_source_or_fixed_result,514,60f7f4d2f93eb211fdecf551cc08df9093587bde83a9efda451e4a9157a4bfc1
ART-00146,design/analog/xmodel/afe_input_dataset/afe_input_AFF.csv,design_source_or_fixed_result,1529064,abfb38dbc274973514b3b0c4e37c08d193122520c2bd4e211c8792dbca540ffe
ART-00147,design/analog/xmodel/afe_input_dataset/afe_input_AFF.pwl,design_source_or_fixed_result,5119256,47ada13f377c37b265951931d930da10824057bbc9807b184284be48980d0ddb
ART-00148,design/analog/xmodel/afe_input_dataset/afe_input_ARR.csv,design_source_or_fixed_result,1535769,ef1457f4419548dff678bfa0f39dbe6f8ed7eb8a779f72ac2ac3fc599d7960a8
ART-00149,design/analog/xmodel/afe_input_dataset/afe_input_ARR.pwl,design_source_or_fixed_result,5119243,897f5923feaabdab9daa787fd5fb59ae47442617bea0e590c322abc6893d5f5f
ART-00150,design/analog/xmodel/afe_input_dataset/afe_input_CHF.csv,design_source_or_fixed_result,1565465,41f51749ecc644ab43222cf3a5c0510b8b7eaf21f07b2237493a9f45b87c92a9
ART-00151,design/analog/xmodel/afe_input_dataset/afe_input_CHF.pwl,design_source_or_fixed_result,5119743,cdd4d880a7a6f474c55a53ec050586a054176a7fe756b9d76c24798d78596767
ART-00152,design/analog/xmodel/afe_input_dataset/afe_input_NSR.csv,design_source_or_fixed_result,1439534,afa46084c968686a216577fb17e09f976ec8744d20b2f1092a1b454da5232e65
ART-00153,design/analog/xmodel/afe_input_dataset/afe_input_NSR.pwl,design_source_or_fixed_result,5117646,b5cb4f5f4ccfcf60c2070d05c5e06886b27d47d6168a55d754e7ae8ebadce2d5
ART-00154,design/analog/xmodel/afe_input_dataset/afe_input_record100_NSR.csv,design_source_or_fixed_result,82857,b0457ac0bc0b6900ed60d86f0198cc2d776e4d9a67df53ee126d1dc9f323537d
ART-00155,design/analog/xmodel/afe_input_dataset/afe_input_record100_NSR.pwl,design_source_or_fixed_result,68295,5c8de5435f97c6f9320b398869538cd6992caa6250825d89a9fd3d019fecca36
ART-00156,design/analog/xmodel/afe_input_dataset/README.md,design_source_or_fixed_result,4493,bb5f87729fdef62d135208ebc6bb35e701013c3900d55823e6c7a4bac16dee85
ART-00157,design/analog/xmodel/algorithm/.gitkeep,design_source_or_fixed_result,1,01ba4719c80b6fe911b091a7c05124b64eeece964e09c058ef8f9805daca546b
ART-00158,design/analog/xmodel/algorithm/analyze_ecg_parameters.py,design_source_or_fixed_result,15013,461974bea2e3e54a8d61f36f25f35099da021f122a411b0653f2ffe7ebc77e50
ART-00159,design/analog/xmodel/algorithm/ECG_Data_Analysis.ipynb,design_source_or_fixed_result,468633,9c48cacfd2f931dd29cc79a1318b53e00684a21698c63ec3b094e00dd506112b
ART-00160,design/analog/xmodel/algorithm/ecg_extended_features_revised.csv,design_source_or_fixed_result,41076,9e4b9703111caff8b9f49c05a5608273d0ce1a67e3dadd2a39977b79422fe7ce
ART-00161,design/analog/xmodel/algorithm/ecg_feature_extractor_revised.py,design_source_or_fixed_result,25859,816453bbacd6b7ef59295944d60d3c5836a1a20ed014420639cb8f81092b3f1b
ART-00162,design/analog/xmodel/algorithm/ECGCvdata.csv,design_source_or_fixed_result,959711,df19562a6fb956610ba19ed32f06ab2aee80d012236c55d3ece70af10e4de88d
ART-00163,design/analog/xmodel/algorithm/plot_nntot_boxplot.py,design_source_or_fixed_result,3871,47b7795d2e86cc24d90998cca7a5727af11f6f0f9ba9eb2e730557b69cd2b39e
ART-00164,design/analog/xmodel/analog/.gitkeep,design_source_or_fixed_result,1,01ba4719c80b6fe911b091a7c05124b64eeece964e09c058ef8f9805daca546b
ART-00165,design/analog/xmodel/analog/ecg_afe_xmodel.sv,design_source_or_fixed_result,19800,79191b79d9730f10789bca06b5a3cff3ab9e5c94dad28aa51b3dc1d98d470846
ART-00166,design/analog/xmodel/analog/ecg_afe_xmodel_mm.sv,design_source_or_fixed_result,3491,9032f9d2b634ccd93297597a38566879306abf606640ad270641cb45a0f712eb
ART-00167,design/analog/xmodel/analog/ecg_afe_xmodel_op.sv,design_source_or_fixed_result,4865,68b799c24a1e568e95cd0acf06ec013a2a156985b616c3255b80a3cd1fee8fa6
ART-00168,design/analog/xmodel/data/.gitkeep,design_source_or_fixed_result,1,01ba4719c80b6fe911b091a7c05124b64eeece964e09c058ef8f9805daca546b
ART-00169,design/analog/xmodel/docs/.gitkeep,design_source_or_fixed_result,1,01ba4719c80b6fe911b091a7c05124b64eeece964e09c058ef8f9805daca546b
ART-00170,design/analog/xmodel/docs/AFE_ADC_XADC_decision.md,design_source_or_fixed_result,5934,645089c3ed183078ae9f8a3bca165e5b161d7d881a345385a51bb5c9f0f5a61b
ART-00171,design/analog/xmodel/docs/AFE_fullrecord_conversion_conditions.md,design_source_or_fixed_result,3589,3bcafbb7cb4671291c6dc6cc170f95d53b5d289bff5105fd2cdcb57e38df0f48
ART-00172,design/analog/xmodel/docs/afe_stress/adc_nonideal_finalpred_map.csv,design_source_or_fixed_result,1490,32412e2584c1ea75d9a8bf5095c90759092f005fc8aeb437de53ebe4b130599b
ART-00173,design/analog/xmodel/docs/afe_stress/adc_nonideal_finalpred_xsim.csv,design_source_or_fixed_result,1940,531c5a31199711cf6823027c46ee25cd8b66a94572efc30dd2894959133e0258
ART-00174,design/analog/xmodel/docs/afe_stress/adc_nonideal_finalpred_xsim_map.csv,design_source_or_fixed_result,1238,29d39f457cba27f2e228ab1b607fe971e8f9f374d750251e85f7d0ca43a400e4
ART-00175,design/analog/xmodel/docs/afe_stress/adc_nonideal_noise_threshold_xsim.csv,design_source_or_fixed_result,287,47fd3790e3bb168501ac44d45525ef9602919d29e39169c51c4fb871bf4a895c
ART-00176,design/analog/xmodel/docs/afe_stress/adc_nonideal_noise_threshold_xsim.md,design_source_or_fixed_result,702,bbc6f1db6d34dc1f941682babf2bf346ee4d448a247ff1ffde4f08dff3624542
ART-00177,design/analog/xmodel/docs/afe_stress/adc_nonideal_test.csv,design_source_or_fixed_result,756,00522fb1760db406726531fb2a23d83a39ae4d7305cb56f4188576e5dd643aef
ART-00178,design/analog/xmodel/docs/afe_stress/AFE_stress_report.md,design_source_or_fixed_result,5251,00aa9e5081573a89f1e3a3ff84008128b24cdd1cae3496fc667e4c46a4939880
ART-00179,design/analog/xmodel/docs/afe_stress/afe_val36_segment_list.csv,design_source_or_fixed_result,9200,26128f5d4bc7243185d9d988dd97ec750de583169a287b6157c0bafa42549204
ART-00180,design/analog/xmodel/docs/afe_stress/AFE_xmodel_verification.md,design_source_or_fixed_result,12179,dd37962f0b14d1b272d55ab10ed9b81196da95cf5ea908d4a76e0a3dc8897f1a
ART-00181,design/analog/xmodel/docs/afe_stress/clipping_report.csv,design_source_or_fixed_result,115845,96298576ea5bbedd6e2bff457e8ba9e6fd6449f45c24c419123bf9d85a65da61
ART-00182,design/analog/xmodel/docs/afe_stress/rpeak_timing_test.csv,design_source_or_fixed_result,16094,3bdcd83f9eb3d675846f789491a066c3fb06e9200393bd9cb3756a0b2360a701
ART-00183,design/analog/xmodel/docs/AFE_verification_report.md,design_source_or_fixed_result,3650,3c33e9c82f42c611d1647d1323399cecfb9d2897e368d4c3d3ab7d43fe60030e
ART-00184,design/analog/xmodel/docs/VALIDATION_STATUS.md,design_source_or_fixed_result,3084,c35be184101899cb2d0a3854b10896172b0e7db3eb64273a703f00baebadecff
ART-00185,design/analog/xmodel/integration/README_KR.md,design_source_or_fixed_result,822,59511f0558417e069d222ee27166e2e2f2d8664ea2f4d23c0b14ced115fae809
ART-00186,design/analog/xmodel/integration/sources_questa.f,design_source_or_fixed_result,499,62aa7f57e511ae0e17d11275c77191e4eaeb8c03c31843fdc4e91c3babd0acd3
ART-00187,design/analog/xmodel/integration/tb_snn_ecg_30min_mixed_e2e.sv,design_source_or_fixed_result,10335,66a8ba7b16d9082a4096fe688c6af3f33177924f22f964863700eab8cadcba39
ART-00188,design/analog/xmodel/Makefile,design_source_or_fixed_result,1253,28f708df80a4ed2d1539b0c1c2289d976522f2e832d74e597180c52e0506a570
ART-00189,design/analog/xmodel/PROJECT_LAYOUT.md,design_source_or_fixed_result,5067,b59a54a35b589c288fec0badbda9fec6e4394e7a3849171710270392f4c95d36
ART-00190,design/analog/xmodel/README.md,design_source_or_fixed_result,730,52f9a6b2bfa9c2d9cad0630d9d061be294779998758e07d93f297b50fbccaa99
ART-00191,design/analog/xmodel/scripts/adc_nonideal.py,design_source_or_fixed_result,4899,e9a2bc88cf08f3dd4c0068fea4f1c73535f3f22cd17a5098543ac3e7d945faff
ART-00192,design/analog/xmodel/scripts/afe_analysis_lib.py,design_source_or_fixed_result,4266,eb55496ce3efcab7a8e2a97aa1e34fcc5ad827c77532b3594f7179668972b2fa
ART-00193,design/analog/xmodel/scripts/afe_emu.py,design_source_or_fixed_result,1688,7fa13425a89c27d13e89d2b16bb2101da3c022330c13f2a6ba6dfd616014caa6
ART-00194,design/analog/xmodel/scripts/afe_full.py,design_source_or_fixed_result,3450,9b9f80dbb024def111a441c0004f0d62bad157eb41bc0c15b5004c112bb5da4e
ART-00195,design/analog/xmodel/scripts/afe_fullrec_gen.py,design_source_or_fixed_result,4484,942e7a1316d9c15bdfb3a2919aa079847b71bfdd560e4f507836937b6981b24d
ART-00196,design/analog/xmodel/scripts/afe_fullrec_remaining.py,design_source_or_fixed_result,3654,e95f587a37fa74d93911526a9e0ed9d8c61e1164a481cf545050832d8fea3a66
ART-00197,design/analog/xmodel/scripts/analyze_fidelity.py,design_source_or_fixed_result,1946,6d760f53cf6e0865fddf2d5c67a99c6e8ee2a25dd20bf116f4fd68b23e9db992
ART-00198,design/analog/xmodel/scripts/analyze_multiclass.py,design_source_or_fixed_result,1873,115e5fd1c280ab9b444b004608152cc346fe5d59c344b5042aeca68278040bfe
ART-00199,design/analog/xmodel/scripts/compare_val.py,design_source_or_fixed_result,1700,b869a4b81287f4b959bdf046a120a0ba1e88eb327dc3e34988a970b130aadd6d
ART-00200,design/analog/xmodel/scripts/convert_mem.py,design_source_or_fixed_result,1294,8e43c485c6fc59ff867b67f763e0887d794f94303d4bf0157c32091af7477715
ART-00201,design/analog/xmodel/scripts/diag_arr.py,design_source_or_fixed_result,1309,e857a09c79890caca08a6236bf071ebddf8107247b6c45f476059b58e9206576
ART-00202,design/analog/xmodel/scripts/emu_val.py,design_source_or_fixed_result,801,cef8387fec16070a604ea64bce257917baad62437294f28945f35a6f73972c0c
ART-00203,design/analog/xmodel/scripts/filter_mem.py,design_source_or_fixed_result,1897,123449e5f3a063cbf276acc575ce43be576985b2f9fdb16a1db52b2ddfcf6996
ART-00204,design/analog/xmodel/scripts/gen_adc_perturbed_chunks.py,design_source_or_fixed_result,2943,0aeb062f89e79caa2c31acefff53e573ed28124bd73f30ac682ac164a6746a70
ART-00205,design/analog/xmodel/scripts/gen_afe_input_csv.py,design_source_or_fixed_result,2402,b5de75f98af55b24206e3b519bc82c2b1d680018ecb7a73f6f187635794f6de7
ART-00206,design/analog/xmodel/scripts/gen_mc_pts.sh,design_source_or_fixed_result,392,d1a11f43b220d77bb0167c193326d2d801b2b456ffb381ad9a0eec47cbceb15f
ART-00207,design/analog/xmodel/scripts/gen_val36_list.py,design_source_or_fixed_result,1562,dd4d75cfb1579715a35c6ff4343e204861b0fd5f49c684d09cac424b287fd24d
ART-00208,design/analog/xmodel/scripts/mem2pwl.py,design_source_or_fixed_result,853,46e3eb26977a63db487c21e7b1adefff8fcd9677e11bd88fce7c76bee55efbcf
ART-00209,design/analog/xmodel/scripts/post_process.py,design_source_or_fixed_result,13903,0381e94d99686e1a1f05ca7535c2e2ca33b8911bdc232a7bb7ae8d3eb932313c
ART-00210,design/analog/xmodel/scripts/rpeak_timing.py,design_source_or_fixed_result,4690,cf5e6040b848fb3e776b95d15408c7921d8d9f96b2b1cc4b75a58e35643421d1
ART-00211,design/analog/xmodel/scripts/run_afe_sim.sh,design_source_or_fixed_result,3030,bb35d9b3e84320fe0014f515119ea8f8d903b8f71ee98aaf2c74650b563ec3f0
ART-00212,design/analog/xmodel/scripts/run_afe_val.sh,design_source_or_fixed_result,2007,e97258f78a9905f6d71ab5e9459d167d635a5f2c26dae3d0f6d0b48e7182bc7a
ART-00213,design/analog/xmodel/scripts/run_char.sh,design_source_or_fixed_result,2064,05a453c5f46b5c949d3f49030336ee78204d3102758f1a8000ea304559293360
ART-00214,design/analog/xmodel/scripts/run_conc_test.sh,design_source_or_fixed_result,1798,2965b8cbc54a08214077e7468de9f55f39f28ae3129604f7a52c60138c90e134
ART-00215,design/analog/xmodel/scripts/run_digref.sh,design_source_or_fixed_result,992,e4acc734a1c5bd9b7524242008e96c725d316fff5ec2f2bbc0cce60b5bd9f968
ART-00216,design/analog/xmodel/scripts/run_digref_filt.sh,design_source_or_fixed_result,929,d924c2081e5d7ebfd3f36098e6bafea48c3e3cc144c0b48c1a902bcf726bd346
ART-00217,design/analog/xmodel/scripts/run_mismatch.sh,design_source_or_fixed_result,2586,fcdaaf160a115d1fb7e21b633ee59e6947590f9f6ead9df2dabf6f2c84c93dae
ART-00218,design/analog/xmodel/scripts/run_mixed.sh,design_source_or_fixed_result,2046,3031784cc539ab11e566af7b791cd7c574c6bef713d0c04e41e7fe27eb7a6af2
ART-00219,design/analog/xmodel/scripts/run_mixed_all.sh,design_source_or_fixed_result,1943,e7c8d8ed401e7b8837dce016a7ace9ba1ac8a5991d093611436361f69b3a9ef9
ART-00220,design/analog/xmodel/scripts/run_multiclass.sh,design_source_or_fixed_result,1688,a920e4325d845a36d1eddf8e06074fba53954f6fc0f0b9df4499df2363cb447f
ART-00221,design/analog/xmodel/scripts/run_opamp.sh,design_source_or_fixed_result,2451,a326834b9fe28faa9bab586cd167e172e55f3f5ab245b1ebad6de95ca5ab6efd
ART-00222,design/analog/xmodel/scripts/run_pli.sh,design_source_or_fixed_result,2423,1c6ea9a9c01ac51b5668d1d6535357d66b099b7938a469aae71d027589b726a3
ART-00223,design/analog/xmodel/scripts/run_pli_freq.sh,design_source_or_fixed_result,2252,cb114673cfdff16f76c73c3ebe1b3d4507dba9a74a20d35967fd16240d502d48
ART-00224,design/analog/xmodel/scripts/run_qtest.sh,design_source_or_fixed_result,813,f307cbef325838440ef9ee4cdeae5e812a4ca767f3e2a82b14a2b186fad7a054
ART-00225,design/analog/xmodel/scripts/run_sim.sh,design_source_or_fixed_result,4981,6fdcb32cc2249505835a14b4642c340784c713e88725768c519bb9061daf5034
ART-00226,design/analog/xmodel/scripts/run_stress.sh,design_source_or_fixed_result,2866,c5d1e77020bb98eb987d97a67d89cdfb1e24df674ddf91bb54950666d50793e1
ART-00227,design/analog/xmodel/scripts/stage_val36.sh,design_source_or_fixed_result,674,35b9f0f72a28c9612ce83e50721959d2ba4ec3624bfa97e9e41cba447e179682
ART-00228,design/analog/xmodel/scripts/verify_clipping.py,design_source_or_fixed_result,4827,710495c51d0ebbd900681baebc6d647e3fc1e6a8bc545bdcc3ed38e31e7b7777
ART-00229,design/analog/xmodel/tb/.gitkeep,design_source_or_fixed_result,1,01ba4719c80b6fe911b091a7c05124b64eeece964e09c058ef8f9805daca546b
ART-00230,design/analog/xmodel/tb/tb_afe_batch.sv,design_source_or_fixed_result,1691,9ae7a0e64c7100d16244591aba9713f058e46432a25ea791d400f129bd2af300
ART-00231,design/analog/xmodel/tb/tb_afe_char.sv,design_source_or_fixed_result,1720,a407d706527e51e112970311def7ed3f52e6f86c2409fff6084d36267b1606d5
ART-00232,design/analog/xmodel/tb/tb_afe_mm.sv,design_source_or_fixed_result,2471,dd066dc7e30732edd5cfcd162d57257807734721b188b770b6a2321b469bb804
ART-00233,design/analog/xmodel/tb/tb_afe_op.sv,design_source_or_fixed_result,1752,e9df8c363861d9475543ffff28e47b95a162abe65f4658da43fdd8dae3513b32
ART-00234,design/analog/xmodel/tb/tb_digital_ref.sv,design_source_or_fixed_result,1750,3c6230af433336267b8c6b5191d8b7f5de9a072c2d5b56e993d0895cf2780d18
ART-00235,design/analog/xmodel/tb/tb_ecg_afe.sv,design_source_or_fixed_result,9493,16d5e96ebafe16142f99d033f51238270402dcde183c555324072119d85a9a44
ART-00236,design/analog/xmodel/tb/tb_ecg_multiclass.sv,design_source_or_fixed_result,1737,7768ec6d4c47f0d0f5a6c3040c5167ac2baf5cef0fb52b6ef72b06f57f5d4919
ART-00237,design/analog/xmodel/tb/tb_ecg_pli.sv,design_source_or_fixed_result,2267,10509c24a7bec2539838eeea83e3fd31d44e4e3fcc5245002d85b5ea338f7b47
ART-00238,design/analog/xmodel/tb/tb_ecg_pli_freq.sv,design_source_or_fixed_result,2346,63bb2c579fecdc1faf137fb9536cf5944221245b7d15085b731fe1c1e56c3fd0
ART-00239,design/analog/xmodel/tb/tb_ecg_stress.sv,design_source_or_fixed_result,2415,9e44ce896e1e8be8947a5449bae6ea128951c8a2e49fd9d4534a9b454109d21e
ART-00240,design/analog/xmodel/tb/tb_mixed_signal.sv,design_source_or_fixed_result,3897,79c7564a3443a795ba7e017eb5c742b2c8492ee243d2499d27deea46d4c1abda
ART-00241,design/digital/.gitattributes,design_source_or_fixed_result,150,113f3b321c7d1ef9675c4ad2bffd3ec673da15bfd2f934da069e932def5d7ec1
ART-00242,design/digital/.gitignore,design_source_or_fixed_result,1349,9dcae8202885b0328de9fd598aee98ff07f834109969374852f875941b7f6f01
ART-00243,design/digital/asic/gpdk45/.gitignore,design_source_or_fixed_result,104,8862f54430890bfe2c2c876ec03e4216d4fb89f9d7e8e8cf2eadd2c4d76a0a1c
ART-00244,design/digital/asic/gpdk45/constraints/core_100mhz.sdc,design_source_or_fixed_result,465,b572b60616b913c12e42dc5bc91145d6a3f62551c20ff58612f88e101ff14b8a
ART-00245,design/digital/asic/gpdk45/README_KR.md,design_source_or_fixed_result,9608,9d833fb7b283b818a9b142f9709c8aa03931faecb340bd988498765742ff11d2
ART-00246,design/digital/asic/gpdk45/rtl/snn_ecg_asic_core_top.v,design_source_or_fixed_result,2211,17ab8e04d4a96e4be6d86b2f5d6c5eb3d6a5df042f957f51c8c14de7b7a4cad8
ART-00247,design/digital/asic/gpdk45/scripts/export_layout.tcl,design_source_or_fixed_result,460,9556a19b35ced176d8db30be142f9e733adc337c28c9300101c8221dd4a1488e
ART-00248,design/digital/asic/gpdk45/scripts/mmmc.tcl,design_source_or_fixed_result,1990,8c48650ec74712ea35d816bf8fe69f373791217bd92eccbc39ca7ec51b1d4da2
ART-00249,design/digital/asic/gpdk45/scripts/report_mapped_netlist.tcl,design_source_or_fixed_result,1346,906210d5d6718bc0ccc233ce37a456a406af14971946e2970060ae74cc8047b8
ART-00250,design/digital/asic/gpdk45/scripts/report_routed_checkpoint.tcl,design_source_or_fixed_result,3129,3306949480254eee9a1e3a05958e8dfe43480eb364fd1898ef4a1665e1f0150e
ART-00251,design/digital/asic/gpdk45/scripts/rtl_files.tcl,design_source_or_fixed_result,1193,7ff5bfef5f00460a612144961d4d69424b86565d489a260ed49ca5494e94f90a
ART-00252,design/digital/asic/gpdk45/scripts/run_genus.tcl,design_source_or_fixed_result,2523,df4aa009684df12ac5ac8dc282328056f7d427f4cd882e477f732b9d065a86bc
ART-00253,design/digital/asic/gpdk45/scripts/run_innovus.tcl,design_source_or_fixed_result,9467,e9d9c45cc620ff1b724394fef0a0b60d0fc1cbfad26c273daa935652682618cb
ART-00254,design/digital/asic/gpdk45/scripts/xcelium_wrapper_smoke.f,design_source_or_fixed_result,837,41f8cf18b5059e331a72601e86f6ea1967f2d865a32cb923a6e1fdb68740e2ec
ART-00255,design/digital/asic/gpdk45/sim/tb_asic_core_wrapper_smoke.v,design_source_or_fixed_result,4528,ea1fa07cf4787bed2f3df52e6c236adcb1c5b02310e1b6f6459c46af6e2216ea
ART-00256,design/digital/asic/gpdk45/tools/compute_adc_activity.py,design_source_or_fixed_result,2951,c063da8913a66b69e85990c6141b5787bb398e8d178c9ac1309c885d8351d72b
ART-00257,design/digital/configs/final_submission_locked_model.json,design_source_or_fixed_result,5005,09ee0607704f32f2c4df4282c334ed4cd976c50674dedf160a0fd540fb54626b
ART-00258,design/digital/configs/recordwise_resplit_seed20260808/best_final_membrane_structural_grid_locked.json,design_source_or_fixed_result,9724,58cc596d6b9023f4a6abc0667874affeab84d5e0bbcecbe4a1bb40ca947934f6
ART-00259,design/digital/configs/recordwise_resplit_seed20260808/final_test_records_locked.json,design_source_or_fixed_result,2177,52ecef13f336a5d41b780766b0ce0dd95bf3a65221c1cf3e5ee54d198d3c819f
ART-00260,design/digital/configs/recordwise_resplit_seed20260808/strict_recordwise_split_seed20260808.json,design_source_or_fixed_result,3021,9fc3db15a4f6b21b1d9d8084e5d4842725c7f9567d3c70fddbd9d20d602dab9c
ART-00261,design/digital/constraints/nexys_a7_microblaze_full_replay.xdc,design_source_or_fixed_result,647,e5d642caec4f17541fd0d15e8c6a82ad5030a0087904a14127af6ba2d6158960
ART-00262,design/digital/constraints/snn_ecg_axi_ooc.xdc,design_source_or_fixed_result,1205,b2ac1581e131b1cf0cd0c8a33b46b48fbc71e99594d7e95edeae6636b36baeda
ART-00263,design/digital/docs/STRICT_RECORDWISE_PROTOCOL_KR.md,design_source_or_fixed_result,3062,a1aebbef2cc447a3626ce5475c0170c5e43e41f71114dd99a5344c2392ecf9b7
ART-00264,design/digital/ip_repo/axi_lite_axis_sample_feeder/component.xml,design_source_or_fixed_result,41670,5d56a55fb1a3cf39e6c7780b2ea2f4524159e760de03ca96f577be17836f1818
ART-00265,design/digital/ip_repo/axi_lite_axis_sample_feeder/src/axi_lite_axis_sample_feeder.v,design_source_or_fixed_result,9778,8b25de6a729a6c1c4356f426ad91746d18aeb0973d6df2b253a5af8a605c1415
ART-00266,design/digital/ip_repo/axi_lite_axis_sample_feeder/src/tb_axi_lite_axis_sample_feeder.v,design_source_or_fixed_result,6559,67c4c821d2862d05cb76fbb12ba6ed3fa83577b04421c52f9d3e28a7e1e07a37
ART-00267,design/digital/ip_repo/axi_lite_axis_sample_feeder/xgui/axi_lite_axis_sample_feeder_v1_0.tcl,design_source_or_fixed_result,3719,20bd8d2a4cd00999f9ff88c880ed06d9e18181f79809f45e1c451d12fb4d5e10
ART-00268,design/digital/ip_repo/snn_ecg_axi_accelerator/component.xml,design_source_or_fixed_result,54480,8bbddd6ca1226b913e7edb49b7ebf98e72e37d06d163c3074414d9f023ca5f6b
ART-00269,design/digital/ip_repo/snn_ecg_axi_accelerator/src/abandoned_feature_stubs.v,design_source_or_fixed_result,7688,66911fb7aa3ff43627f507f40413f69d412b5524ebc9b4b2f2649425722c1caf
ART-00270,design/digital/ip_repo/snn_ecg_axi_accelerator/src/class_score_neurons.v,design_source_or_fixed_result,236748,028d82ef197636d6909c9d65b936a31097e50b9b720f24ced2111435c7c4ab99
ART-00271,design/digital/ip_repo/snn_ecg_axi_accelerator/src/dscr_spike_counter.v,design_source_or_fixed_result,13718,0b3a23d0091253e91b32d3fdc9abe4a497dde09f41c36e2f533224649e3c066d
ART-00272,design/digital/ip_repo/snn_ecg_axi_accelerator/src/ecg_event_encoder_adaptive.v,design_source_or_fixed_result,8162,ca3ff35e034883083bd8126e7334e81cd47883cad0593ccd5edd92ffb395ba5c
ART-00273,design/digital/ip_repo/snn_ecg_axi_accelerator/src/ectopic_pair_neuron.v,design_source_or_fixed_result,2719,c0e817fd72fdb61d812eb25bcb27041bdb01761f756e319d0e63d581cdf9ec25
ART-00274,design/digital/ip_repo/snn_ecg_axi_accelerator/src/final_membrane_layer.v,design_source_or_fixed_result,23916,8d55140eb8eb48a526162520387676905be4f093e0211001900f4258dd379f20
ART-00275,design/digital/ip_repo/snn_ecg_axi_accelerator/src/pnn_rhythm_predictor.v,design_source_or_fixed_result,9764,f683da51d61c26c2b1bf363f428d198961a3a88a84f0bf32012f1977f20a220e
ART-00276,design/digital/ip_repo/snn_ecg_axi_accelerator/src/qrs_lif_detector.v,design_source_or_fixed_result,2140,2ac8d57cc7adea5ca55140ee0617baea6d14d250fb353c55a64b59a265ef94f9
ART-00277,design/digital/ip_repo/snn_ecg_axi_accelerator/src/qrs_maf_neuron.v,design_source_or_fixed_result,18195,a5fc1dd330fb6c3845163f9a4fb027fdfc408ba93169d780e02556fbd87ca466
ART-00278,design/digital/ip_repo/snn_ecg_axi_accelerator/src/ram_peak_accumulator.v,design_source_or_fixed_result,5200,67a85f417ab3f90348919ede6042fe2607c00c9279c75c25efb7cbfeee676373
ART-00279,design/digital/ip_repo/snn_ecg_axi_accelerator/src/rbbb_qrs_delay_bank.v,design_source_or_fixed_result,18820,59f6f8d876c079c3f672de216819954ff67b89cb83f4aa61c1b22b306532376d
ART-00280,design/digital/ip_repo/snn_ecg_axi_accelerator/src/rdm_variability_neuron.v,design_source_or_fixed_result,4611,657a2facd4993ad2459bf112f0078cc315bdf7033a047c182852d80cdc1febfe
ART-00281,design/digital/ip_repo/snn_ecg_axi_accelerator/src/reset_sync.v,design_source_or_fixed_result,369,5493ec8863b1e1a2a4cb87c81306e6d5c4feec398cdb9ff86f8e2374261b6ce9
ART-00282,design/digital/ip_repo/snn_ecg_axi_accelerator/src/snn_ecg_30min_final_top.v,design_source_or_fixed_result,21780,6914784a2a908569bd25b825b2de7c0c8a952d0884cc6d77261aae881a5fde0e
ART-00283,design/digital/ip_repo/snn_ecg_axi_accelerator/src/snn_ecg_3feat_top.v,design_source_or_fixed_result,40764,04d05ab8a96f74bdbbed5fa03bd3cb7d89926e0c6d8d7c3279e08e33f9f75a33
ART-00284,design/digital/ip_repo/snn_ecg_axi_accelerator/src/snn_ecg_axi_lite_stream_top.v,design_source_or_fixed_result,22026,b4a08e431dab051b8b6e53afb2b1c673bd5ab3bc3bd147813c7a2e4aa461af54
ART-00285,design/digital/ip_repo/snn_ecg_axi_accelerator/src/snn_ecg_input_normalizer.v,design_source_or_fixed_result,3042,b906e24e9f42cd34f56390d569fb342c13fb7b6b4cd6277478fafd24c55d5ab6
ART-00286,design/digital/ip_repo/snn_ecg_axi_accelerator/src/strict_recordwise_locked_params.vh,design_source_or_fixed_result,7796,198658dbcc564aec13e3717b3cb4f00b38ce2eff9ab54e63c71a0b5d6b19a94f
ART-00287,design/digital/ip_repo/snn_ecg_axi_accelerator/src/tb_snn_ecg_axi_smoke.v,design_source_or_fixed_result,9650,600f37922f40143b453ce940514da500a29887f244984b06b24fb2c938268b71
ART-00288,design/digital/ip_repo/snn_ecg_axi_accelerator/xgui/snn_ecg_axi_accelerator_v1_0.tcl,design_source_or_fixed_result,7243,a5d1bb7046f926065a89f2b73502685b5bf2fddfe71bf445027749c6109fdab1
ART-00289,design/digital/README.md,design_source_or_fixed_result,771,f4844a7d1d325e86498a4a0dc91869f74a726833a3fdcbf237c3736450d06821
ART-00290,design/digital/reports/final/board_replay/locked_aff_case16_expected_result.json,design_source_or_fixed_result,317,1d72be10270492d59a63c970a559f7f5d009192c19ec048e44ca25513d525ed8
ART-00291,design/digital/reports/final/board_replay/locked_aff_case16_expected_vs_board.csv,design_source_or_fixed_result,402,90d44ff068b34abe9bc07b6359607c9f18ae9ce4cb05ca1be4adee38b14e83e6
ART-00292,design/digital/reports/final/board_replay/locked_aff_case16_summary.md,design_source_or_fixed_result,921,0fbe12dd5912c9fa116acce464cee6a3d642ae2e902fe14d4d7c470666b7718c
ART-00293,design/digital/reports/final/board_replay/locked_aff_case16_uart_full_replay.txt,design_source_or_fixed_result,30531,7a92db5466697dd73be81435c66a45173088c2056dcbf8ddfeab12c01ac140c5
ART-00294,design/digital/reports/final/board_replay/locked_arr_case45_expected_result.json,design_source_or_fixed_result,317,64a41428bb070c03af8587bbbd8b7cb7ca83f4e098934ea2375e1db36229b84e
ART-00295,design/digital/reports/final/board_replay/locked_arr_case45_expected_vs_board.csv,design_source_or_fixed_result,402,a5d7529ca18e2caa44df243a34ab0c8ccbde655b5236641a2366771e42fc5036
ART-00296,design/digital/reports/final/board_replay/locked_arr_case45_summary.md,design_source_or_fixed_result,917,32f69b93a73674a7351f845e2f71384418571e3390a7e7ed23862a7c7329a099
ART-00297,design/digital/reports/final/board_replay/locked_arr_case45_uart_full_replay.txt,design_source_or_fixed_result,30531,cef71c474d5d1e471a61fb693d69e638490f65d09535112a94d5f6b3e96366c1
ART-00298,design/digital/reports/final/board_replay/locked_chf_case91_expected_result.json,design_source_or_fixed_result,317,324e9b62372f73cbdbd92f6c32c5c9bbdb858c953f999c92299a38db67336587
ART-00299,design/digital/reports/final/board_replay/locked_chf_case91_expected_vs_board.csv,design_source_or_fixed_result,402,9a9f165fb831b58cf3273b2f6d1010f5fd28780effe6d45ec58e4c9d766ab3ed
ART-00300,design/digital/reports/final/board_replay/locked_chf_case91_summary.md,design_source_or_fixed_result,921,3d3b9cba1d7111c88645427937f445ac2cd2e2b340dde7fe2f4bcdeb13ed3bcc
ART-00301,design/digital/reports/final/board_replay/locked_chf_case91_uart_full_replay.txt,design_source_or_fixed_result,30531,b8891339e9d19e0efcd4e49625731dd92755fd8fdc54499e35a9a3bec95d6309
ART-00302,design/digital/reports/final/board_replay/locked_class_cases_xsim_vs_board.csv,design_source_or_fixed_result,468,b5b6ca1f229129ddbce42c6e8f206671ea7eb110839627e2640bef89d927520e
ART-00303,design/digital/reports/final/board_replay/locked_nsr_case117_expected_result.json,design_source_or_fixed_result,318,9f7ac550cb876e87000f7c0eb9c8d913cfb508004412dfe4b3245e96bb9d4181
ART-00304,design/digital/reports/final/board_replay/locked_nsr_case117_expected_vs_board.csv,design_source_or_fixed_result,402,a42b8faf657ec20db4a5c90bac0432dfc4dd4735784c3c1e2e7ff70436c6ee89
ART-00305,design/digital/reports/final/board_replay/locked_nsr_case117_summary.md,design_source_or_fixed_result,924,7ab844f80db44ef1e6316472f209fb51ee0c5fc982a850562a3375cf2bc176cc
ART-00306,design/digital/reports/final/board_replay/locked_nsr_case117_uart_full_replay.txt,design_source_or_fixed_result,30530,6bdf4013293f16a4df45c4f2fef8f3e78c593df3414062f60c19e0690c7f7e6c
ART-00307,design/digital/reports/final/board_replay_36/parsed/AFF_afdb_06995_chunk01.json,design_source_or_fixed_result,2143,0bda2b88a46b45c931581668da87bcddee14756352dab51f232f58f6af34b877
ART-00308,design/digital/reports/final/board_replay_36/parsed/AFF_afdb_06995_chunk03.json,design_source_or_fixed_result,2143,c3a0256554800b356774a0ecf0738efa355ac9952333f87478ac9fadc5cdb294
ART-00309,design/digital/reports/final/board_replay_36/parsed/AFF_afdb_06995_chunk05.json,design_source_or_fixed_result,2151,c7b7a11a973095cf205a7188fa5a619f8c396d13dfb22ef28b9dd80eaab89178
ART-00310,design/digital/reports/final/board_replay_36/parsed/AFF_afdb_06995_chunk07.json,design_source_or_fixed_result,2145,5a5b30f3c719da3b7c94291c5ce563ef8d97f8c76d56bd278128183fb2493608
ART-00311,design/digital/reports/final/board_replay_36/parsed/AFF_afdb_06995_chunk10.json,design_source_or_fixed_result,2141,fb3f578ec47e549471505ef3e67c52311450a20d430e13d8dcc43e8f1c0c59aa
ART-00312,design/digital/reports/final/board_replay_36/parsed/AFF_afdb_06995_chunk12.json,design_source_or_fixed_result,2143,1c7b73b0e936de282f33953b2341e71ef1a17859ee57868a12ceadbfbcd120f6
ART-00313,design/digital/reports/final/board_replay_36/parsed/AFF_afdb_06995_chunk14.json,design_source_or_fixed_result,2143,e314d54070d553d4b7f66583057092acb50a367f6f3605ea8e05a54431f2042e
ART-00314,design/digital/reports/final/board_replay_36/parsed/AFF_afdb_06995_chunk16.json,design_source_or_fixed_result,2143,8f2c0a6c45b670725a2b1bf7730cb5a3cbaf8d60c34e07e3a3413e012ba850dc
ART-00315,design/digital/reports/final/board_replay_36/parsed/AFF_afdb_06995_chunk18.json,design_source_or_fixed_result,2143,b2bc36e2bed0edf20a91c8913e776e3519c9a2436dbad2322347185f50b79c51
ART-00316,design/digital/reports/final/board_replay_36/parsed/ARR_mitdb_102_chunk00.json,design_source_or_fixed_result,2140,d8f72d79fcac362f41e9f0e79ac9abe5f677344747e731385f366683dce678f0
ART-00317,design/digital/reports/final/board_replay_36/parsed/ARR_mitdb_105_chunk00.json,design_source_or_fixed_result,2140,ba37ea0a47bcf857243f4a25f65247c15ed6e7d55c25af702dd3801e7ee3f214
ART-00318,design/digital/reports/final/board_replay_36/parsed/ARR_mitdb_118_chunk00.json,design_source_or_fixed_result,2140,d07ecf45acb4772b928630969f62cdc2f7cb30b78ac8fbbf757f8f41fc41f709
ART-00319,design/digital/reports/final/board_replay_36/parsed/ARR_mitdb_202_chunk00.json,design_source_or_fixed_result,2140,f357aa6057f823c3349099410ca942526a8164eb19251f6c81144b45b72c2ef1
ART-00320,design/digital/reports/final/board_replay_36/parsed/ARR_mitdb_208_chunk00.json,design_source_or_fixed_result,2140,b606252137e389e9ddca68f0d4c9a7ec893cfcfbe8a44df1a2f994bbb9d751b0
ART-00321,design/digital/reports/final/board_replay_36/parsed/ARR_mitdb_214_chunk00.json,design_source_or_fixed_result,2140,1964deeb2bfc9438cf08571d7fbb7f9470ae2683af639787f08dab2f5d2abeb0
ART-00322,design/digital/reports/final/board_replay_36/parsed/ARR_mitdb_217_chunk00.json,design_source_or_fixed_result,2140,0633b9d6dbb3d28bd991b25757b8ab5ea6e809b3358189b446ffb455a1ea608e
ART-00323,design/digital/reports/final/board_replay_36/parsed/ARR_mitdb_220_chunk00.json,design_source_or_fixed_result,2138,c9f9b005dd5d6e5d4b53ec51bcbade2750f33a2256a48dd7fce647508d618ca8
ART-00324,design/digital/reports/final/board_replay_36/parsed/ARR_mitdb_231_chunk00.json,design_source_or_fixed_result,2140,d5c682717a211cc34759eb0bcd926a32b7483e8ca26a0e980e7a2b2d0a260d3c
ART-00325,design/digital/reports/final/board_replay_36/parsed/CHF_chfdb_chf06_chunk06.json,design_source_or_fixed_result,2145,667cdd4991f6a36ed3f195166a6ee398c4c4cee4cb7fe8da7862c28529cd148d
ART-00326,design/digital/reports/final/board_replay_36/parsed/CHF_chfdb_chf06_chunk19.json,design_source_or_fixed_result,2150,91d42cc3ef87816c40a0082ef8e544e5a112bca45f2a57f5a6fba70c6dd6fcc4
ART-00327,design/digital/reports/final/board_replay_36/parsed/CHF_chfdb_chf06_chunk32.json,design_source_or_fixed_result,2147,8e907b9a8de2ece9086901e55346c1c64b475815978a657fc4063dfc89391030
ART-00328,design/digital/reports/final/board_replay_36/parsed/CHF_chfdb_chf07_chunk09.json,design_source_or_fixed_result,2145,64955d88bb2bd0356b5565472d916a5e5646d55c2f5dbbbe6f77e037f1f424ca
ART-00329,design/digital/reports/final/board_replay_36/parsed/CHF_chfdb_chf07_chunk29.json,design_source_or_fixed_result,2148,afeb66007d41ba71c534089b12b2475f9135ce2feb9370bafc8781848290646e
ART-00330,design/digital/reports/final/board_replay_36/parsed/CHF_chfdb_chf09_chunk09.json,design_source_or_fixed_result,2146,411f8c2b0672b193ae2ce205aee1e243259816eccc48cb743432a8f535b552ba
ART-00331,design/digital/reports/final/board_replay_36/parsed/CHF_chfdb_chf09_chunk29.json,design_source_or_fixed_result,2145,48925cb0e3eefd0c2c966c4ae47d1064816899840142b94b7f8f90166fe14b77
ART-00332,design/digital/reports/final/board_replay_36/parsed/CHF_chfdb_chf15_chunk03.json,design_source_or_fixed_result,2145,110229735cf5a314498a695e15554d2f31220f5fcf0f7024f20cc02fa6bf3d62
ART-00333,design/digital/reports/final/board_replay_36/parsed/CHF_chfdb_chf15_chunk09.json,design_source_or_fixed_result,2145,2abe55980bd962c26e636ccee580e4c48da5d90b9fa0acd4db32228eb2b69cef
ART-00334,design/digital/reports/final/board_replay_36/parsed/NSR_nsrdb_16272_chunk03.json,design_source_or_fixed_result,2144,f3eeb4840e26bf0430a496d816d8bef6d2b555c775399c91f12c744b96098b8f
ART-00335,design/digital/reports/final/board_replay_36/parsed/NSR_nsrdb_16272_chunk10.json,design_source_or_fixed_result,2146,95b40286152df99ac6e5ac3b22849b51d06e1f163d03deea56f3685b521fbc40
ART-00336,design/digital/reports/final/board_replay_36/parsed/NSR_nsrdb_16483_chunk10.json,design_source_or_fixed_result,2144,4d3da4147c15d333aa1eb974c367f1ec22109d35715cd0fce806352177731699
ART-00337,design/digital/reports/final/board_replay_36/parsed/NSR_nsrdb_16483_chunk32.json,design_source_or_fixed_result,2144,922914fb1ff2913a9c7cde66b72e040e18a7bd1f80cdaad39760c10cadf967b0
ART-00338,design/digital/reports/final/board_replay_36/parsed/NSR_nsrdb_16786_chunk11.json,design_source_or_fixed_result,2144,d8dc90f17fdf03475afc77b9ac9186b0604a5b061c52a1a43166295832902f8c
ART-00339,design/digital/reports/final/board_replay_36/parsed/NSR_nsrdb_16786_chunk35.json,design_source_or_fixed_result,2144,b9e60104d14858f5448a2d1a422ef9c5c8279604aa19689052da747e6ca27dea
ART-00340,design/digital/reports/final/board_replay_36/parsed/NSR_nsrdb_19093_chunk10.json,design_source_or_fixed_result,2144,7bd1d7e1733d06089d8dac7f2d4f52be36f07aadf7aa4c8c085531119021d53a
ART-00341,design/digital/reports/final/board_replay_36/parsed/NSR_nsrdb_19093_chunk30.json,design_source_or_fixed_result,2144,3cdbef479a93d183a3e9d3f25c1bf5f3e81ce3d223714ea48c9c36292c653bef
ART-00342,design/digital/reports/final/board_replay_36/parsed/NSR_nsrdb_19140_chunk20.json,design_source_or_fixed_result,2144,40ea116b3b21cbe28160a5c94706395259b75010713f2471c86b6aba09de858f
ART-00343,design/digital/reports/final/board_replay_36/transcripts/AFF_afdb_06995_chunk01.txt,design_source_or_fixed_result,30220,2b6c495a6a6d9ab306d6daef6040ee9f3fdbea595b57b35985c261a3802bc24e
ART-00344,design/digital/reports/final/board_replay_36/transcripts/AFF_afdb_06995_chunk03.txt,design_source_or_fixed_result,30218,ec5d70402a78a48c9430b46330f314d16b2b01019295dd6f400d4d48cfbd9dba
ART-00345,design/digital/reports/final/board_replay_36/transcripts/AFF_afdb_06995_chunk05.txt,design_source_or_fixed_result,30224,a68b62548496b62a567c6e9a7f39692de028506d72d6dc14cbc5a1b0277a0cb1
ART-00346,design/digital/reports/final/board_replay_36/transcripts/AFF_afdb_06995_chunk07.txt,design_source_or_fixed_result,30220,e509b3ecfaa50c1d42d9679e5a7033df6835302f4d33dc11060ceb679757b7d8
ART-00347,design/digital/reports/final/board_replay_36/transcripts/AFF_afdb_06995_chunk10.txt,design_source_or_fixed_result,30219,b564e97b5f34bc3df918af9ac556d38627e8fcd389c5239124eaf25f80edffbf
ART-00348,design/digital/reports/final/board_replay_36/transcripts/AFF_afdb_06995_chunk12.txt,design_source_or_fixed_result,30218,ef4a920e787d5182a129dd29ccb32042b57b806f34e0080abc79fd831dcddd09
ART-00349,design/digital/reports/final/board_replay_36/transcripts/AFF_afdb_06995_chunk14.txt,design_source_or_fixed_result,30220,d11823a5073cd9c0f85cc63304001cb7d0e2669e53420e35a0cc0fce74ac852d
ART-00350,design/digital/reports/final/board_replay_36/transcripts/AFF_afdb_06995_chunk16.txt,design_source_or_fixed_result,30219,43cd428875b5dea503960535500027c42eeedd21c81c4e795973a94db344861f
ART-00351,design/digital/reports/final/board_replay_36/transcripts/AFF_afdb_06995_chunk18.txt,design_source_or_fixed_result,30220,e90c2723d4f2725b7234a90b70fcb75268c7eaa3b435069a4556486deea7048d
ART-00352,design/digital/reports/final/board_replay_36/transcripts/ARR_mitdb_102_chunk00.txt,design_source_or_fixed_result,30213,379a35500044c3c8e46dc5f71694df8dc4e18b4fed2b299324a97728ec5ea019
ART-00353,design/digital/reports/final/board_replay_36/transcripts/ARR_mitdb_105_chunk00.txt,design_source_or_fixed_result,30213,ed03163b452572d6cc0ffcb27c387b389528d310c4471d702909087fc2923995
ART-00354,design/digital/reports/final/board_replay_36/transcripts/ARR_mitdb_118_chunk00.txt,design_source_or_fixed_result,30214,39a2eca803a8854fd65f3726027c1dc2775cbe29efa9eca77fffdb4bea665b96
ART-00355,design/digital/reports/final/board_replay_36/transcripts/ARR_mitdb_202_chunk00.txt,design_source_or_fixed_result,30214,54dc1c71d624b9e1f757e8850344c1db6740af17341aacbd0be7711fcbd902f4
ART-00356,design/digital/reports/final/board_replay_36/transcripts/ARR_mitdb_208_chunk00.txt,design_source_or_fixed_result,30215,d6f3629f58aa946e07c1e3a475d4af54f4047b5c8cf25d3d9ee9e8687f1e5201
ART-00357,design/digital/reports/final/board_replay_36/transcripts/ARR_mitdb_214_chunk00.txt,design_source_or_fixed_result,30215,ce97146267a16528604f318c77e182b39f4385233d8dc449e8539624841a23f4
ART-00358,design/digital/reports/final/board_replay_36/transcripts/ARR_mitdb_217_chunk00.txt,design_source_or_fixed_result,30215,3459c59816ae7e55155224b68073bdfacbd2cb66c261c6639e5eb519cdaea4ec
ART-00359,design/digital/reports/final/board_replay_36/transcripts/ARR_mitdb_220_chunk00.txt,design_source_or_fixed_result,30214,36e2d3f7ac0699e73f7f4f18be537815a93cd1c3b8dec6b4f9c86c65ec37108f
ART-00360,design/digital/reports/final/board_replay_36/transcripts/ARR_mitdb_231_chunk00.txt,design_source_or_fixed_result,30215,47a693a8b54f2befa95b025720b492d344632ce91ca53dfa04bea96ac266619e
ART-00361,design/digital/reports/final/board_replay_36/transcripts/CHF_chfdb_chf06_chunk06.txt,design_source_or_fixed_result,30221,01a68adcc3b498358d690e9bd972752985c7fecd82b873d078cc1edf33fc3440
ART-00362,design/digital/reports/final/board_replay_36/transcripts/CHF_chfdb_chf06_chunk19.txt,design_source_or_fixed_result,30221,2b67b50f533e7fc3d3065ed76bbd58544d0c4e8b241e01bc2b06ba3e53ffb6b8
ART-00363,design/digital/reports/final/board_replay_36/transcripts/CHF_chfdb_chf06_chunk32.txt,design_source_or_fixed_result,30221,36b233fbc6b21cd27b01eeaf0bbbd3a5ae86123c8337f7061a8e579247381dec
ART-00364,design/digital/reports/final/board_replay_36/transcripts/CHF_chfdb_chf07_chunk09.txt,design_source_or_fixed_result,30221,1b292de1de273747a6debca1882b136cafa9f68b828532517b4d54ad6020fa9d
ART-00365,design/digital/reports/final/board_replay_36/transcripts/CHF_chfdb_chf07_chunk29.txt,design_source_or_fixed_result,30221,d1628e517695616a9ea1aac98995a1dcd5d73b638b6495ef359abc56c9c0f7c5
ART-00366,design/digital/reports/final/board_replay_36/transcripts/CHF_chfdb_chf09_chunk09.txt,design_source_or_fixed_result,30221,5359bfb0f38bdf18f94322b1b0a177d67ea74e5fec127315fce467ad052d722e
ART-00367,design/digital/reports/final/board_replay_36/transcripts/CHF_chfdb_chf09_chunk29.txt,design_source_or_fixed_result,30220,5ef45e673a9435c28e5e7083314ee4ef228e9c98852804d794086372d2b47978
ART-00368,design/digital/reports/final/board_replay_36/transcripts/CHF_chfdb_chf15_chunk03.txt,design_source_or_fixed_result,30221,5cce676b9db66b947a355614f6ba1ae4ef42bb43a7782605ce1cf6e5166cd9a9
ART-00369,design/digital/reports/final/board_replay_36/transcripts/CHF_chfdb_chf15_chunk09.txt,design_source_or_fixed_result,30220,7bc55d59eaac491e6a98c2767e3102aed2423252a509d8e9634b95705956c1df
ART-00370,design/digital/reports/final/board_replay_36/transcripts/NSR_nsrdb_16272_chunk03.txt,design_source_or_fixed_result,30220,e5b69ff32618ddd187ac3fea7acc56916430c9160441990f8c6158b00098a52d
ART-00371,design/digital/reports/final/board_replay_36/transcripts/NSR_nsrdb_16272_chunk10.txt,design_source_or_fixed_result,30219,5d2e9e6ee19bd0c15b497632cfd7d995191367034c25dc73c523523bba2b0f74
ART-00372,design/digital/reports/final/board_replay_36/transcripts/NSR_nsrdb_16483_chunk10.txt,design_source_or_fixed_result,30220,42d7ddbd22a250b96c87473ef88a9155de32640a3c0dd460110dfb0d430a2c9f
ART-00373,design/digital/reports/final/board_replay_36/transcripts/NSR_nsrdb_16483_chunk32.txt,design_source_or_fixed_result,30218,93f8c30ca1b230e900a026da31760c995d315c3f3b599283a97282190b337137
ART-00374,design/digital/reports/final/board_replay_36/transcripts/NSR_nsrdb_16786_chunk11.txt,design_source_or_fixed_result,30220,3e9f3a3bce1d0493327439147c57b059788b7e30afc4d14dcfa1d7fe56a7fe85
ART-00375,design/digital/reports/final/board_replay_36/transcripts/NSR_nsrdb_16786_chunk35.txt,design_source_or_fixed_result,30219,f3f22369e77a17d6f94194b061fef4d0aa3582cf29eb8a88f5e0575d1668ff5f
ART-00376,design/digital/reports/final/board_replay_36/transcripts/NSR_nsrdb_19093_chunk10.txt,design_source_or_fixed_result,30220,8c284aca48c5ac1d3fbd6605953d1a33028e1d82b4dac8051894f595b1ee9c6c
ART-00377,design/digital/reports/final/board_replay_36/transcripts/NSR_nsrdb_19093_chunk30.txt,design_source_or_fixed_result,30219,67eb0d463047e90b18081244940385b2b1e731bb8d775d2b2db16193c458227b
ART-00378,design/digital/reports/final/board_replay_36/transcripts/NSR_nsrdb_19140_chunk20.txt,design_source_or_fixed_result,30220,6d31f54672559f9ee3fe20f32f0a7c6da20af0b5cc9e8054e2af59c1401029f8
ART-00379,design/digital/reports/final/board_replay_36_batch_summary.json,design_source_or_fixed_result,1093,fb481290c49f5fa77fd76182c8d94e58cb9e64d1ff26a9631112c73d93300b89
ART-00380,design/digital/reports/final/board_replay_36_batch_summary.md,design_source_or_fixed_result,3990,beea80a8585d2f1ec3971a622778440593869f53b51525085d74135b6664b5f3
ART-00381,design/digital/reports/final/board_replay_36_cases.csv,design_source_or_fixed_result,14452,f01d4afb4a67ba06b768ac99891868f9cbc2061a3d28ddf67d800b5b56d9f324
ART-00382,design/digital/reports/final/board_replay_36_cases.json,design_source_or_fixed_result,37599,7135d643f20a8c4edd26c5620debc83bc7524c0e6e4506e64c50c6b8f168f3a4
ART-00383,design/digital/reports/final/board_replay_36_expected_vs_board.csv,design_source_or_fixed_result,12888,f7df85731aadf2a0f1d103f06bd4561a778e46ca5c60a02c1b38f37a8e52b26b
ART-00384,design/digital/reports/final/board_replay_36_final_mem_alignment_audit.md,design_source_or_fixed_result,2219,4766658d844e8df6bf32b8d5e7472bda7c181334f25ec955b4df20eeb2ee6aef
ART-00385,design/digital/reports/final/board_replay_36_preflight_audit.md,design_source_or_fixed_result,2264,c54f712526f23fd03d29af7d759f097bd891a9701f3f3f043ecb71dae4ce0dcb
ART-00386,design/digital/reports/final/board_replay_result.md,design_source_or_fixed_result,1253,af65341fcfc2a0003f5df268d353a98899181b78e9c20e051b8b2fb84c1b6c1f
ART-00387,design/digital/reports/final/digital_input_contract.md,design_source_or_fixed_result,2765,feea6b94e48dad21842cdf24b0244d3bbf16cace32ff4b4432feb78eed7c7938
ART-00388,design/digital/reports/final/digital_ip_scope_and_handoff.md,design_source_or_fixed_result,3248,3196951a314bf28d8371092f03d4e90ad0f2306dc4b4e762806ace84d1a64add
ART-00389,design/digital/reports/final/final_metrics.json,design_source_or_fixed_result,2732,c5b2ea036d8814791b952c8e4f2ceeaef759f5f56e1af44fdfcc8bce651a3352
ART-00390,design/digital/reports/final/final_repo_consistency_check.md,design_source_or_fixed_result,842,fb14d154619c16fc1317e1dd1a32797f814d2193c88cdee6c771cd49a7abb89c
ART-00391,design/digital/reports/final/formatting_and_figure_audit.md,design_source_or_fixed_result,2035,aaebf1f7bcb5a824394191ed1dede3231824ee7448d2ed265abdc07e5a7875b3
ART-00392,design/digital/reports/final/fulltop_xsim_final_test_36/locked_class_cases_fulltop_xsim_metadata.json,design_source_or_fixed_result,268,1318b4d7e43e120f295c487787750d52005f97efd6c863f4b36010ca1e39159c
ART-00393,design/digital/reports/final/fulltop_xsim_final_test_36/locked_class_cases_fulltop_xsim_predictions.csv,design_source_or_fixed_result,4068,3c2312416b39474053a0cd4bde5f7fe9c2c9f4d81777c169f8c78107c2e0b757
ART-00394,design/digital/reports/final/fulltop_xsim_final_test_36/locked_class_cases_xsim_vs_board.csv,design_source_or_fixed_result,2321,19017e90bbfbec167631b4b1baad907d30998b7652b18da1b4ac7da1303e688c
ART-00395,design/digital/reports/final/fulltop_xsim_final_test_36/locked_class_cases_xsim_vs_board_summary.json,design_source_or_fixed_result,327,e8cd7a9632e4deccb84a7dbc6ecd6f2c30372128eeb71ba5c0f2a27bf4673c39
ART-00396,design/digital/reports/final/fulltop_xsim_final_test_36/locked_class_cases_xsim_vs_board_summary.md,design_source_or_fixed_result,2845,984bd12b8dacfefb1562ffebd1c25902447571c799473a2527766659e1c6aafc
ART-00397,design/digital/reports/final/fulltop_xsim_locked_class_cases_predictions.csv,design_source_or_fixed_result,727,74481c5bda133ba207d30c599a2bed0ecdaba0657e0d56a61aee044b5ffd995a
ART-00398,design/digital/reports/final/hardware_validation_result.md,design_source_or_fixed_result,930,024944fad7e14ec7239b5a3ca051f6b9e55abbd7ea7d5de7dfbf0a56aea40378
ART-00399,design/digital/reports/final/strict_recordwise/final_test_chunk_class_metrics.csv,design_source_or_fixed_result,209,eff651886658fd7c5c5f3a5795fca1851b4ef42b331cc119dfc9afab6b25f5a6
ART-00400,design/digital/reports/final/strict_recordwise/final_test_predictions.csv,design_source_or_fixed_result,13940,e23700aecdd6a1020d30683f3ef5105588f070ae4b46095e6dbdc82eca06f79d
ART-00401,design/digital/reports/final/strict_recordwise/final_test_record_majority_class_metrics.csv,design_source_or_fixed_result,208,26c7c0f6247b989e3e6974430cc6ca3e927b868042601b3f1f344bbf6e5f9679
ART-00402,design/digital/reports/final/strict_recordwise/strict_recordwise_metric_summary.json,design_source_or_fixed_result,636,ec377453bcce1781e3e01471b54ba7807ee26cbe1bd54deeda3b0e0503cd38fb
ART-00403,design/digital/reports/final/strict_recordwise/structural_final_test_confusion_matrix.csv,design_source_or_fixed_result,75,14e2352bb1b55d5c273e7999d199c0b45c1e734ddce90fd815e3cf2d48ebb1b1
ART-00404,design/digital/reports/final/strict_recordwise/structural_final_test_predictions.csv,design_source_or_fixed_result,3690,90e995d44da9d9fbbbe986929d153bd50bc4aa4e07e4631548e16ca77f339f03
ART-00405,design/digital/reports/final/strict_recordwise/structural_final_test_record_predictions.csv,design_source_or_fixed_result,810,a434ae7219f470a143b61a6c62bbc138da8d61c642047a8cae5cbcae7d680652
ART-00406,design/digital/reports/final/strict_recordwise_final_result.md,design_source_or_fixed_result,1812,962901df5bf8a6764736ea0d9382070515d2071f9dacc61befd81e2ee48b5a30
ART-00407,design/digital/reports/final/vivado_locked_model_metrics.md,design_source_or_fixed_result,1198,b22e30fe0a83c3c8e035d2f6fee428b0eefc4a7d54de608335962e87e12cfc7f
ART-00408,design/digital/reports/final/xsim_locked_model_predictions.csv,design_source_or_fixed_result,3282,e692aea08ed7defefa6a1f6f6d57ad0685fb06745f22b4e112aba1f45e83648c
ART-00409,design/digital/reports/final/xsim_locked_model_summary.md,design_source_or_fixed_result,1137,959b4e21f4d60b420107508997f3019283a808ef80ce33e2bb25e1882d857006
ART-00410,design/digital/results/board_replay/microblaze_full_replay/build_microblaze_full_replay_app.tcl,design_source_or_fixed_result,982,99f0ad80e4541099693211d528d96d24760ff0c42b2591fd2900a35c5870d5f2
ART-00411,design/digital/results/board_replay/microblaze_full_replay/build_microblaze_full_replay_system.tcl,design_source_or_fixed_result,9246,eac8bb09383147673ccbc368cfccbc5832ecb128409383f1969d8b8d807e104b
ART-00412,design/digital/results/board_replay/microblaze_full_replay/microblaze_full_replay_summary.json,design_source_or_fixed_result,3465,3434ac796b6e79dbff8c929f0a99b9e06fbcbe001cd74d6b2745be0c95681259
ART-00413,design/digital/results/board_replay/microblaze_full_replay/program_microblaze_full_replay_board.tcl,design_source_or_fixed_result,522,a215ae41d0f67367e1e43175f9f66eb39c3325ba7c5aae90af9ade03133f9d8f
ART-00414,design/digital/results/board_replay/microblaze_full_replay/reports/system_bd_address.rpt,design_source_or_fixed_result,279,959d32bfb6d672271868fe8bf3fa7b2ea2856b64568b7d7322c80c30c6ac31d3
ART-00415,design/digital/results/board_replay/microblaze_full_replay/reports/system_cdc.rpt,design_source_or_fixed_result,8210,d1e729917b0ef638f591c5746a1667772457fc7f30cb1daf8144601abd277ad1
ART-00416,design/digital/results/board_replay/microblaze_full_replay/reports/system_clock_interaction.rpt,design_source_or_fixed_result,4060,5c3b26f4655c3781ee620cc22add8a1cc346b46e7bf3e272005060ed0641dcfa
ART-00417,design/digital/results/board_replay/microblaze_full_replay/reports/system_drc.rpt,design_source_or_fixed_result,5769,17b967df0071b5b9f8d1cb13d3792716dadfe171bc11cf395d5cc04c8ffcc759
ART-00418,design/digital/results/board_replay/microblaze_full_replay/reports/system_io.rpt,design_source_or_fixed_result,99504,30856b0985890d2205eb810b25c035f7fed8f8c3acb31de1cd2212c339841f3f
ART-00419,design/digital/results/board_replay/microblaze_full_replay/reports/system_ip_status.rpt,design_source_or_fixed_result,13020,400e0662af79db2c23108c9268b44cd842a293dc25914d4acc925233301dfc9e
ART-00420,design/digital/results/board_replay/microblaze_full_replay/reports/system_methodology.rpt,design_source_or_fixed_result,3743,cd2feb4582c6883f0c58d6451a7ef3704bd378e351e529e8b0c097d2166ac97a
ART-00421,design/digital/results/board_replay/microblaze_full_replay/reports/system_route_status.rpt,design_source_or_fixed_result,650,b5be8d679b5a378021f1439d7fe156e45246f4e02e992714a8950b166082f81c
ART-00422,design/digital/results/board_replay/microblaze_full_replay/reports/system_timing_summary.rpt,design_source_or_fixed_result,1994480,9b5dcf8aafe8fd52d870f2f96dc7b754d15fa987ae707e1f781ff81391040081
ART-00423,design/digital/results/board_replay/microblaze_full_replay/reports/system_utilization.rpt,design_source_or_fixed_result,11440,9f118565ffab46d48c3bcc596c6c70917bab9f407ec62a5642b51319ccdbd95e
ART-00424,design/digital/results/board_replay/microblaze_full_replay/reports/system_utilization_hier.rpt,design_source_or_fixed_result,235958,d1a4c6f6e061379e6aba0c237e3ef9e4a76a4d9bdf52edcc685c5d0872cecac0
ART-00425,design/digital/results/board_replay/microblaze_full_replay/snn_ecg_mb_full_replay.bit,design_source_or_fixed_result,3825915,61dfb3dddee1f55b9e2ce42009cb9693bb1c8ff9c7b65b71f0d59d6b2a34dd58
ART-00426,design/digital/results/board_replay/microblaze_full_replay/snn_ecg_mb_full_replay.xsa,design_source_or_fixed_result,416785,8ff2a1ed537c27bd6d8117313c274aa79de8f11b4e6df54fa1b9fa10ca5942a3
ART-00427,design/digital/results/board_replay/microblaze_full_replay/snn_ecg_mb_full_replay_app.elf,design_source_or_fixed_result,141552,5bb947f62a322765f79b6bf013da0d70b4c068165b1faaccd59c41264b7e05c3
ART-00428,design/digital/results/board_replay/microblaze_full_replay/snn_ecg_mb_full_replay_bd.tcl,design_source_or_fixed_result,19091,7c39c100b3973af89caf37e39ce8b43ee3e062de7dda1e2bb274e5699d8cb345
ART-00429,design/digital/rtl/axi/axi_lite_axis_sample_feeder.v,design_source_or_fixed_result,9778,8b25de6a729a6c1c4356f426ad91746d18aeb0973d6df2b253a5af8a605c1415
ART-00430,design/digital/rtl/axi/snn_ecg_axi_lite_stream_top.v,design_source_or_fixed_result,22026,b4a08e431dab051b8b6e53afb2b1c673bd5ab3bc3bd147813c7a2e4aa461af54
ART-00431,design/digital/rtl/common/reset_sync.v,design_source_or_fixed_result,369,5493ec8863b1e1a2a4cb87c81306e6d5c4feec398cdb9ff86f8e2374261b6ce9
ART-00432,design/digital/rtl/core/abandoned_feature_stubs.v,design_source_or_fixed_result,7688,66911fb7aa3ff43627f507f40413f69d412b5524ebc9b4b2f2649425722c1caf
ART-00433,design/digital/rtl/core/class_score_neurons.v,design_source_or_fixed_result,236748,028d82ef197636d6909c9d65b936a31097e50b9b720f24ced2111435c7c4ab99
ART-00434,design/digital/rtl/core/dscr_spike_counter.v,design_source_or_fixed_result,13718,0b3a23d0091253e91b32d3fdc9abe4a497dde09f41c36e2f533224649e3c066d
ART-00435,design/digital/rtl/core/ecg_event_encoder.v,design_source_or_fixed_result,2944,de3a18a151352bf41f413a2de4bf5c85e22d3229cd3035d9bc369af62e676f0f
ART-00436,design/digital/rtl/core/ecg_event_encoder_adaptive.v,design_source_or_fixed_result,8162,ca3ff35e034883083bd8126e7334e81cd47883cad0593ccd5edd92ffb395ba5c
ART-00437,design/digital/rtl/core/ectopic_pair_neuron.v,design_source_or_fixed_result,2719,c0e817fd72fdb61d812eb25bcb27041bdb01761f756e319d0e63d581cdf9ec25
ART-00438,design/digital/rtl/core/pnn_rhythm_predictor.v,design_source_or_fixed_result,9764,f683da51d61c26c2b1bf363f428d198961a3a88a84f0bf32012f1977f20a220e
ART-00439,design/digital/rtl/core/qrs_lif_detector.v,design_source_or_fixed_result,2140,2ac8d57cc7adea5ca55140ee0617baea6d14d250fb353c55a64b59a265ef94f9
ART-00440,design/digital/rtl/core/qrs_maf_neuron.v,design_source_or_fixed_result,18195,a5fc1dd330fb6c3845163f9a4fb027fdfc408ba93169d780e02556fbd87ca466
ART-00441,design/digital/rtl/core/ram_peak_accumulator.v,design_source_or_fixed_result,5200,67a85f417ab3f90348919ede6042fe2607c00c9279c75c25efb7cbfeee676373
ART-00442,design/digital/rtl/core/rbbb_qrs_delay_bank.v,design_source_or_fixed_result,18820,59f6f8d876c079c3f672de216819954ff67b89cb83f4aa61c1b22b306532376d
ART-00443,design/digital/rtl/core/rdm_variability_neuron.v,design_source_or_fixed_result,4611,657a2facd4993ad2459bf112f0078cc315bdf7033a047c182852d80cdc1febfe
ART-00444,design/digital/rtl/core/snn_ecg_3feat_top.v,design_source_or_fixed_result,40764,04d05ab8a96f74bdbbed5fa03bd3cb7d89926e0c6d8d7c3279e08e33f9f75a33
ART-00445,design/digital/rtl/core/snn_ecg_input_normalizer.v,design_source_or_fixed_result,3042,b906e24e9f42cd34f56390d569fb342c13fb7b6b4cd6277478fafd24c55d5ab6
ART-00446,design/digital/rtl/final_membrane_layer.v,design_source_or_fixed_result,23916,8d55140eb8eb48a526162520387676905be4f093e0211001900f4258dd379f20
ART-00447,design/digital/rtl/generated/strict_recordwise_locked_params_pkg.sv,design_source_or_fixed_result,8092,4054376f52f889a58ee7309a4cc9e96289e26f0fb9fff1941050ebfc450b11c6
ART-00448,design/digital/rtl/snn_ecg_30min_final_top.v,design_source_or_fixed_result,21780,6914784a2a908569bd25b825b2de7c0c8a952d0884cc6d77261aae881a5fde0e
ART-00449,design/digital/rtl/strict_recordwise_locked_params.vh,design_source_or_fixed_result,7796,198658dbcc564aec13e3717b3cb4f00b38ce2eff9ab54e63c71a0b5d6b19a94f
ART-00450,design/digital/scripts/build_microblaze_full_replay_app.py,design_source_or_fixed_result,6623,05c52b4ee2d322e663a04f83c394ea6fb1aa78a7b6f18eb4316d778c97b4de38
ART-00451,design/digital/scripts/build_microblaze_full_replay_system.py,design_source_or_fixed_result,6666,1b4468728614714bae6d3589d3bcec2393fae03cc6eadace8d1af37fd5206e24
ART-00452,design/digital/scripts/build_microblaze_template_system.py,design_source_or_fixed_result,17044,5ba34a2d7c7116332a506f9adf65adfded43b1575ec7d9fe40977e212c0f81c1
ART-00453,design/digital/scripts/create_vivado_project.tcl,design_source_or_fixed_result,2311,6f20f22c7f22baadc3c5cab57551caa6fdbcfa9432fb627d51e2df7a4d098e97
ART-00454,design/digital/scripts/package_sample_feeder_ip.py,design_source_or_fixed_result,8408,39aae157362ffe5520f17087f01f1f47c246bd64e3d1df3e786318bb8f83245c
ART-00455,design/digital/scripts/package_snn_ecg_axi_ip.py,design_source_or_fixed_result,10737,a8f72827f00f4896ec9b963ac488e6449e876be3109dcbc4366ce0eeeed7dc12
ART-00456,design/digital/sim/tb_axi_lite_axis_sample_feeder.v,design_source_or_fixed_result,6559,67c4c821d2862d05cb76fbb12ba6ed3fa83577b04421c52f9d3e28a7e1e07a37
ART-00457,design/digital/sim/tb_dscr_spike_counter_equiv.v,design_source_or_fixed_result,3950,fbf6b1272b33e25c8375df7c8197a108ace868672476d3df32e8367489ed5239
ART-00458,design/digital/sim/tb_snapshot_c24_dataset.v,design_source_or_fixed_result,6949,fd23e8057407abe475b4db52e79f69093b673294e0378164a0ff16f1fb640512
ART-00459,design/digital/sim/tb_snn_ecg_30min_chunk_dataset.v,design_source_or_fixed_result,9052,346b3a6bf57054c6bb498ffb547eb9344217b06a113759a6e671512b1e166b65
ART-00460,design/digital/sim/tb_snn_ecg_30min_debug_case.v,design_source_or_fixed_result,4947,251b3b7dbb24d7cb1afdacb124286e999796ee10fe44dd07f26322ea28a78748
ART-00461,design/digital/sim/tb_snn_ecg_axi_smoke.v,design_source_or_fixed_result,9650,600f37922f40143b453ce940514da500a29887f244984b06b24fb2c938268b71
ART-00462,design/digital/tests/test_ecg_to_xmodel_stimulus.py,design_source_or_fixed_result,19011,fa26b73c6b3dabe9c87adf0c6d71511cf8e1a4e9dc71a313b8a240e5b6f2d300
ART-00463,design/digital/tools/batch_make_xmodel_stimulus.py,design_source_or_fixed_result,8409,e5c30829d133e19fd0ddc20004014da4d9d04a78f51f561846b104382a1e333b
ART-00464,design/digital/tools/board_replay/run_full_record_batch_36.py,design_source_or_fixed_result,28593,8500361499177d6c81b5e3d1bef2d3c5551962b45cbb31719b99adffef51fb6f
ART-00465,design/digital/tools/board_replay/run_locked_fulltop_xsim_cases.py,design_source_or_fixed_result,15964,b301fcffc5585de39f3e723a2a8d01f13b8cb519cc20db4674e73bd9569c5d17
ART-00466,design/digital/tools/board_replay/send_full_record_uart.py,design_source_or_fixed_result,21699,c51f38ada5515da31737585318badc23b508294964afe442ae8dd33775f68a92
ART-00467,design/digital/tools/check_final_paper_repo.py,design_source_or_fixed_result,30609,b2b888ccebe916399501ca1cd4464be9248dfd3281d591922672855f55d2856b
ART-00468,design/digital/tools/collect_final_vivado_metrics.py,design_source_or_fixed_result,2154,395e36fb90147ca8fe5a5b32a2e1bc35f638ccc8013bb0ec673c3a197cbb444d
ART-00469,design/digital/tools/ecg_to_xmodel_stimulus.py,design_source_or_fixed_result,45536,f43b78ac2d513b6edffbec3880f7e042394c1a60c05eb0d1eb16fdbe49c14ba2
ART-00470,design/digital/tools/evaluate_final_strict_recordwise.py,design_source_or_fixed_result,5558,9cd60378f298f98df82780ff092ba794b2ab030147afdc052d6ad39221dc3fb3
ART-00471,design/digital/tools/make_final_report_figures.py,design_source_or_fixed_result,24926,5b47746607dcafabc45f8349286a35d9328d3b6c13c9c5c70bd1ecf876f1c9f2
ART-00472,design/digital/vitis_apps/full_record_replay/src/main.c,design_source_or_fixed_result,10193,de1a351dbb93f06f2adb2285301c7ceeffb3a8c31b333c455e8c54e9f4689f97
ART-00473,design/README_KR.md,design_source_or_fixed_result,725,1456409a5b659749b8c4192cf664a491b13fc875fd51aeef3e4ae883aa534a38
ART-00474,docs/BENCHMARK_IMPORT_AUDIT_KR.md,technical_documentation,1014,692910e7f806a4bb38090f82eb61481ed73342b886e6faa36c887d9e369789f4
ART-00475,docs/CONTRIBUTIONS_AND_NOVELTY_KR.md,technical_documentation,2320,1e9504e2484e0e633f8d08eb2efd455555a3fda8fe5d0a0cc8138fd90f56fdfe
ART-00476,docs/DATASET_AND_EVALUATION_KR.md,technical_documentation,4217,390d7a388e67255b84ace11512c202897e3e7d5ceca84ef2dd49ff101f58248c
ART-00477,docs/DATASET_DOMAIN_CONFOUNDING_KR.md,technical_documentation,719,3d4208b6c74e7a6b4a297546331dcab050b913cd1fc662971667a9d3dcc88e61
ART-00478,docs/DIGITAL_ARCHITECTURE_KR.md,technical_documentation,3612,e61775cd5418e9d010950330fb4a9280e0b3d9063ca40d40ba6a05cbb20afa34
ART-00479,docs/FEATURE_SELECTION_AND_ANNOTATION_KR.md,technical_documentation,2271,eb92db4e03638dd27e3c2822449decce3c77902f7d0404d914059b175a7829f8
ART-00480,docs/HARDWARE_IMPLEMENTATION_KR.md,technical_documentation,6499,a5436653c989ccfd98479fbc3250a0bc78bc92907859c7df6c3b7c42f0a53655
ART-00481,docs/INTEGRATION_METHOD.md,technical_documentation,792,9a46f887d6e1a29be3ccfb238523cd5bf3bfa30cd8bcdae757401df262957906
ART-00482,docs/INTEGRATION_VERIFICATION_KR.md,technical_documentation,2754,606a87159e0fe7ee279834f705b6fddeffcb10223ffb28b96733ca1af851e2db
ART-00483,docs/LIMITATIONS_AND_CLAIM_BOUNDARY_KR.md,technical_documentation,3574,7945cbcf10ca1abf8a7f7f2ac2d59856b534ba51dca069df337fe44018e0777e
ART-00484,docs/MIXED_SIGNAL_VERIFICATION_KR.md,technical_documentation,637,6e02494f232b25c85751c4377cc94f982809b8293c1eac7a005b7beca2486cb8
ART-00485,docs/OWNERSHIP_AND_HANDOFF_KR.md,technical_documentation,620,daa23f3f60f7f2a01c9f1c3328361935d1f569fd9b370bf3dd39efb4e5bbbcaa
ART-00486,docs/PROBLEM_DEFINITION_KR.md,technical_documentation,579,b99772d7e794c6806a2579425dd824c6115791d8fcc8b293525334f7595e6685
ART-00487,docs/README_KR.md,technical_documentation,389,91f00fc99df69cf0c88f1f83105fce54f0f435c092439417f5acc5ee45012dee
ART-00488,docs/RELATED_WORK_HOLTER_ECG_KR.md,technical_documentation,3729,9b812887053992765a79fd011bf120fddcc38623ae74d8a79f1df71a7553fed7
ART-00489,docs/REPORT_EVIDENCE_MAP_KR.md,technical_documentation,485,4dd80003788c71fec2476c0fbb601f4bc895e06ccd9db5b3bc228190f206715b
ART-00490,docs/RESEARCH_BACKGROUND_KR.md,technical_documentation,677,f136c12f0271fb53accd2ace4a4a996f73b441649f3ba06643e406157f40a4c9
ART-00491,docs/RESEARCH_OBJECTIVES_KR.md,technical_documentation,811,c07f4bcb2d4e6d007a8c76857e18216d1f00ed9796bd370de74e5687aabd01c7
ART-00492,docs/STREAMING_STATE_MEMORY_KR.md,technical_documentation,587,715a6e51750df72cbfa2ba9889a8a98b1f6ade769e39532ad44e99d0e570c565
ART-00493,docs/SYSTEM_OVERVIEW_KR.md,technical_documentation,2724,22f13fb5145c73e5787831b9317cf27750619f2a9ecc690c1e134ddb2b4ff972
ART-00494,figures/FIGURE_INDEX.md,publication_figure,2332,a2b0ed0c701e943d1a47e955bf74e22006361d1040cb475774607f461ba1f767
ART-00495,"figures/final_submission/설계회로 검증/AXI,IP 및 mixed 검증/VAL-03_analog_digital_integration_flow.emf",publication_figure,276644,fc75112c8b9e80b20fc34a9341a938bf13cdf74d1b33e52655f7ddc97d13b8ab
ART-00496,"figures/final_submission/설계회로 검증/AXI,IP 및 mixed 검증/VAL-03_analog_digital_integration_flow.svg",publication_figure,9580,3a23e6499247500ede3ee6ef7f5cc748d730f21d4b9b0946b02f80a333b28586
ART-00497,figures/final_submission/설계회로 검증/디지털 검증/디지털 검증 흐름.emf,publication_figure,112172,6f790e16ce6abf00af4829a246308d7a8a9b9209a976df335c4f397a74da0882
ART-00498,figures/final_submission/설계회로 검증/디지털 검증/디지털 검증 흐름.svg,publication_figure,4413,e5d68c89036b2796a19925c329137f51aed768abbc45f2ea09a233d172d8bbeb
ART-00499,figures/final_submission/설계회로 검증/아날로그 검증/LTspice vs Matlab/60 HZ Active Twin-T Notch Response Comparison.emf,publication_figure,382600,47c5862ae23dc132060388617fe15f01c57fa4ce94bbd754c4dc30f155bfdd40
ART-00500,figures/final_submission/설계회로 검증/아날로그 검증/LTspice vs Matlab/60 HZ Active Twin-T Notch Response Comparison.svg,publication_figure,71232,67d683b14d7911e2a35b69764c28b4258fbf68ec1d19d23c18f4a6ec376646af
ART-00501,figures/final_submission/설계회로 검증/아날로그 검증/LTspice vs Matlab/Overall AFE Frequency Response Comparison.emf,publication_figure,357252,90046c5eaaf140168e3dd92032aadb91cc9838f473ee1fbc963fed6672a3f73e
ART-00502,figures/final_submission/설계회로 검증/아날로그 검증/LTspice vs Matlab/Overall AFE Frequency Response Comparison.svg,publication_figure,117885,c229bc4c188c7cb572348c216d00af27c5acbe179f6bfdb1ee313f96a9032d80
ART-00503,figures/final_submission/설계회로 검증/아날로그 검증/xmodel vs LTspice/adc_waveform_full.png,publication_figure,124917,405c99c24da8637bf63516db9b433d1f41d8af109cdb23a1be2600eac168bb27
ART-00504,figures/final_submission/설계회로 검증/아날로그 검증/아날로그 검증 흐름.svg,publication_figure,4836,75da8f21f0580e6b51a1fe469d19dad91653e5354bc12fca8d24a0b697952df6
ART-00505,figures/final_submission/설계회로 검증/아날로그 검증/아날로그 검증 흐름_20260722.emf,publication_figure,137852,2bdb0944f0da96fc9a6b78a19e276a523223d01afae2ad81cdabf35d5ad213fd
ART-00506,figures/final_submission/설계회로 구성/full schematic by LTspice.emf,publication_figure,970836,2c00697395b7eca63a98a8248636ba414cd509c05666b43a8b774200885d3def
ART-00507,figures/final_submission/설계회로 구성/full schematic by LTspice.svg,publication_figure,88504,62849399c00cda29f24a06e9de7d9e8bf253e897b3571f776220eb45ed6a76c2
ART-00508,figures/final_submission/설계회로 구성/디지털 IP 패키징 통합 구조도_한글호환.emf,publication_figure,135624,c1838013f597b7c24e7467b701740964426255059d371e14465c6eae068e110b
ART-00509,figures/final_submission/설계회로 구성/디지털 IP 패키징 통합 구조도_한글호환.svg,publication_figure,89621,924d2b7c18dca3a1f69747f92ab9175dc948fa8a81e616337935a67bf53dcefe
ART-00510,figures/final_submission/설계회로 구성/디지털 RTL 계층 구조도_한글호환.emf,publication_figure,767240,a0196bbf8b93daf78fe79dd929c61a5e31085a17c83d157c0c36def2c2397273
ART-00511,figures/final_submission/설계회로 구성/디지털 RTL 계층 구조도_한글호환.svg,publication_figure,479975,4345dd4888ba61b04b237d779d796584e740341793c23f70bcd619dc8db41933
ART-00512,figures/final_submission/설계회로 구성/아날로그 회로 구조도.emf,publication_figure,197096,0fa94e60bd5312d9f178aa75daeb32fb50b5c9249a8ae2d5d8e10f181cb25643
ART-00513,figures/final_submission/설계회로 구성/아날로그 회로 구조도.svg,publication_figure,217785,08eb202112d8354c7a817094ad67ca048a489a13615a9fa88a36b4611a7a6ff4
ART-00514,figures/final_submission/설계회로 구현결과/FPGA 구현ㆍ배치 결과.emf,publication_figure,12731388,656d305ae91801c4a8e3ed596fea8aeeabe25d1ab23e44aa714f41385877348d
ART-00515,figures/final_submission/설계회로 구현결과/FPGA 구현ㆍ배치 결과.svg,publication_figure,2882544,c976bab28471244927f27a1816ef70bd5fe5d1f3afc1d32f24167b7846c5d241
ART-00516,figures/final_submission/설계회로 구현결과/GPDK045 코어 배치배선 결과.gif,publication_figure,38461,ff358dccc0ba7843e9d8138d4539548f562d6fdf80ad1e35e0b55f59656d85c9
ART-00517,figures/final_submission/설계회로 구현결과/Xmodel 구현 결과.emf,publication_figure,299412,3087e57be1918f9e7baf2209ef4cc6db92f5123a18e9d28e29c78c92e50a52e9
ART-00518,figures/final_submission/설계회로 구현결과/Xmodel 구현 결과.svg,publication_figure,281846,7e80b9b20a969593ccbb6c0906d98e7343ed7ed7018094980c40b9a8b48d6725
ART-00519,figures/final_submission/알고리즘 구성 및 예상결과/알고리즘 구조도.emf,publication_figure,214892,e272e321ec7515731815f26eb92d602ea76e2f9c8790ea62233b04efe90f698e
ART-00520,figures/final_submission/알고리즘 구성 및 예상결과/알고리즘 구조도.svg,publication_figure,18381,9e776788d1d73c7213ca1e90e8c4d9827ff5c98a75dc48b227dfc2dc394205ca
ART-00521,figures/final_submission/창작과정/창작과정 블록도_가로형.emf,publication_figure,224488,e392c6a1b3bd3e56b5b7e2313ffdd63aa4e848f6597e69fc4a371d48c79c68fc
ART-00522,figures/final_submission/창작과정/창작과정 블록도_가로형.svg,publication_figure,32980,bc54f8ff9330e39107ccb8f664dc57df5cf1e751f2ce6acca962e0e4c268aa87
ART-00523,figures/README_KR.md,publication_figure,184,1ae035cbae74149bf8936988d4c3c38397e9c12bab22b9500e5296bfa576af30
ART-00524,INTEGRATION_AUDIT.md,repository_control,3297,40027c4199068a4fa3fbf4c31400d1790f3621434e419992fb739aa6f5ebdcaf
ART-00525,LICENSE_OR_PROVENANCE.md,repository_control,1985,7fe2f4873cce5c209d918677e153141f8d3c109a6a3c7682c1ab0702b1f80a44
ART-00526,models/digital_equivalence/exact_cpp/.gitignore,reference_model_or_benchmark,80,735d710a3cd54756708333a7499cf73219445e5d8e6b93021175a3b79bac04b9
ART-00527,models/digital_equivalence/exact_cpp/CMakeLists.txt,reference_model_or_benchmark,2431,831d4dddf27ebe0e9f1c08649c24e754532b5dd1937e11d3100e028c3e73d077
ART-00528,models/digital_equivalence/exact_cpp/include/exact_model.hpp,reference_model_or_benchmark,3917,7a1d245e183dda7a75693e1d9e811730d76ae4acb82f69bcca11323aba6e72ad
ART-00529,models/digital_equivalence/exact_cpp/include/fixed_width.hpp,reference_model_or_benchmark,7297,73489a9720405b0d30785c6e4ab032ce9e48a54b2a5d365d30ece25ba840d49c
ART-00530,models/digital_equivalence/exact_cpp/include/locked_parameters.hpp,reference_model_or_benchmark,55258,8164177a303d9f96c802328e4ce9712aa0f09336d8b1d04c77829065acba27c2
ART-00531,models/digital_equivalence/exact_cpp/include/model_types.hpp,reference_model_or_benchmark,11100,52923a627e484376897002ab7e50cb5ff92a7aa63e91bdad4220e5557010785b
ART-00532,models/digital_equivalence/exact_cpp/include/trace_types.hpp,reference_model_or_benchmark,1598,f8091585feb49a86f3699e2f0107ffd11405d7d4306284add060497fdff96738
ART-00533,models/digital_equivalence/exact_cpp/README.md,reference_model_or_benchmark,3046,2408dfe9bd73752f956108a19d4e05aef4161f44a93c14a2489def6952db2387
ART-00534,models/digital_equivalence/exact_cpp/READY_FOR_EXACT_CPP_BENCHMARK.md,reference_model_or_benchmark,3417,16c85f8d1150345f5f200689d5a01c4640d49651e83318617b543247438713db
ART-00535,models/digital_equivalence/exact_cpp/reports/BENCHMARK_ENVIRONMENT.md,reference_model_or_benchmark,4695,f290b403a338f57c2c477d25f7a95a16e5e3f14a96c3367225c975492934f69f
ART-00536,models/digital_equivalence/exact_cpp/reports/CADENCE_COMPRESSION_JUSTIFICATION.md,reference_model_or_benchmark,4658,5ce0fdd9e7144b91e6ddbc4f4a9db73d11a4a03176948c52c15c30b2f43f6b64
ART-00537,models/digital_equivalence/exact_cpp/reports/EXACT_CPP_DESIGN.md,reference_model_or_benchmark,6059,88bc2b4d4bc82fbad823996c54be3e87427d3bc20423bfe33efe89027f8dca41
ART-00538,models/digital_equivalence/exact_cpp/reports/EXACT_CPP_EQUIVALENCE.md,reference_model_or_benchmark,4338,87ab61d840072bc7572f860d6c902decedfcfc547fbaa615c3a3fefdc37fa5d6
ART-00539,models/digital_equivalence/exact_cpp/reports/EXACT_CPP_PERFORMANCE_BENCHMARK.md,reference_model_or_benchmark,5010,ee8b047436c1bd87ea1310c2bf27268b0cc77810e452ee05548f283f4ee625c0
ART-00540,models/digital_equivalence/exact_cpp/reports/LOCKED_PARAMETER_EQUIVALENCE.md,reference_model_or_benchmark,2489,0b1a87b87f1c5d197906fd20078a27265ac673b96df10dd21eb96e1b5201e883
ART-00541,models/digital_equivalence/exact_cpp/reports/RTL_SEMANTICS_INVENTORY.md,reference_model_or_benchmark,9229,8095a6b38b1763396fd1aab1281968a045f2f040aae696842f9ba864b5b0994a
ART-00542,models/digital_equivalence/exact_cpp/reports/SOURCE_PROVENANCE.md,reference_model_or_benchmark,4924,787df1c510bee7a7d9e955271521100ac1a1a75d3c2d14e285676ac2ca5b6daf
ART-00543,models/digital_equivalence/exact_cpp/results/build_identity.csv,reference_model_or_benchmark,5708,ee66a971c1eed36621851b2fdf983cf74c3515063aa65ee308bf3ceb89e54dd1
ART-00544,models/digital_equivalence/exact_cpp/results/cpp_snapshot_trace.csv,reference_model_or_benchmark,188986,d15afc231eaad003b1853ce27abdf47378b514af25e2112a1aa10a16669ad195
ART-00545,models/digital_equivalence/exact_cpp/results/cpu_fpga_comparison.csv,reference_model_or_benchmark,631,6152e1e78e18ed7d3025d44ed2c0e27f86a0a17232ed5015e11350a5b4afa315
ART-00546,models/digital_equivalence/exact_cpp/results/equivalence_summary.json,reference_model_or_benchmark,1030,fbaf53d25706661f4b135c576735598971eaab2749c13ea5a8869907ccae1cdd
ART-00547,models/digital_equivalence/exact_cpp/results/exact_cpp_cpu_raw.csv,reference_model_or_benchmark,132157,7dc3b65fe0316d08f6a6e3b740427d91340effe6f5abb598885e5f98a782bee9
ART-00548,models/digital_equivalence/exact_cpp/results/exact_cpp_cpu_summary.csv,reference_model_or_benchmark,14846,784844b860ac698af4c42a4d5d995e251ae9acde86be388aade1e06997fedbc5
ART-00549,models/digital_equivalence/exact_cpp/results/final_equivalence.csv,reference_model_or_benchmark,2464,d69db1cf1061a90b412ce9c02a59407c83ca11c1180419d837fd70cbe83dfb46
ART-00550,models/digital_equivalence/exact_cpp/results/fixed_width_test_summary.json,reference_model_or_benchmark,124,d089aa76fdf30a4516704f7ed3d0f0e528a955cc19e3865d3ade287cfcedcf64
ART-00551,models/digital_equivalence/exact_cpp/results/golden_snapshot_trace.csv,reference_model_or_benchmark,207342,7fbdaf2a4a182a3c2757e7c7f923ff857b79d96756b509f75c588db515717a13
ART-00552,models/digital_equivalence/exact_cpp/results/golden_snapshot_trace.sha256,reference_model_or_benchmark,93,d29e7ded42d5c9ebbf65d3a42c63818f257adb2c2ee447360d01078753bd115d
ART-00553,models/digital_equivalence/exact_cpp/results/integrity_check.json,reference_model_or_benchmark,3875,23c347bea8298381f665c1d6ba152e7c7bb6e6fffcdd8c26d5d8c4d9f7ece0bd
ART-00554,models/digital_equivalence/exact_cpp/results/module_microtrace_equivalence.csv,reference_model_or_benchmark,1704,199dac263a11a9220e2743b249a1a570ca7508b4d9e7d15101ec3ca68bbb68af
ART-00555,models/digital_equivalence/exact_cpp/results/performance_integrity.json,reference_model_or_benchmark,3502,9cddd019a04c2334a06f86fc69c5298979c976a51ef322949f173d03a9a5eaba
ART-00556,models/digital_equivalence/exact_cpp/results/post_benchmark_equivalence.json,reference_model_or_benchmark,475,421f69554aea130a0452b0a61611af7dae904ba3ff2bc9dd75ea31359328df00
ART-00557,models/digital_equivalence/exact_cpp/results/sample_state_hash_equivalence.csv,reference_model_or_benchmark,847,24797fabf21eada3aa9b149036893e9b7aedbbf9c6652e1135fac3fafc61ab1b
ART-00558,models/digital_equivalence/exact_cpp/results/snapshot_equivalence.csv,reference_model_or_benchmark,181222,2feccd137f3f1cc8ad8090d10b7602889b3c87305e3594dbd3c5d8493551fce8
ART-00559,models/digital_equivalence/exact_cpp/results/snapshot_equivalence_summary.json,reference_model_or_benchmark,89,012fe5805230cce479e11b43f4615d026b39223211cf5b96448ba3690fbb6406
ART-00560,models/digital_equivalence/exact_cpp/src/exact_model.cpp,reference_model_or_benchmark,13799,a66bb56f8bf81583cb1659c62c76ca2e5040496abf91f130a6b1d00d779d46a7
ART-00561,models/digital_equivalence/exact_cpp/src/feature_blocks.cpp,reference_model_or_benchmark,31211,051c1397fa2509463a22d663d71c2ae5fa7a83392e863cef17e4bf74d8faf4b9
ART-00562,models/digital_equivalence/exact_cpp/src/final_membrane.cpp,reference_model_or_benchmark,13784,4d1f40b63b3c70a592b2db45a34b1705d907311a03c54dfc596762faa3ac9222
ART-00563,models/digital_equivalence/exact_cpp/src/main.cpp,reference_model_or_benchmark,8249,fde197b99eeda01b37e3ab37b36dc1032f1ba68389aee7a1d2a6ce78be440aea
ART-00564,models/digital_equivalence/exact_cpp/src/snapshot_readout.cpp,reference_model_or_benchmark,23619,4d5a8548953069a4558a99eca0b1a9a96e49ef5b5b5437cdf452a1d6deee1e37
ART-00565,models/digital_equivalence/exact_cpp/tests/test_adversarial_sequences.cpp,reference_model_or_benchmark,6317,56334a7ac3340edc0a273e3fcbd565d8cb108e63a056bade8d36d10a13e86b2c
ART-00566,models/digital_equivalence/exact_cpp/tests/test_feature_blocks.cpp,reference_model_or_benchmark,3956,904a9a06109acb676867d5610099b21e252398b6831abd9cf4bef46535216936
ART-00567,models/digital_equivalence/exact_cpp/tests/test_fixed_width.cpp,reference_model_or_benchmark,6303,1c7249d73999302f9e6fc5e97c14a321a8f0c725306bf369d63ab22d91f10a7d
ART-00568,models/digital_equivalence/exact_cpp/tools/benchmark_exact_cpp.cpp,reference_model_or_benchmark,12158,9f9e730d91b834c2015909a77cc9bf6e9df8e6d0e34b6418cafc724ffb3c2c66
ART-00569,models/digital_equivalence/exact_cpp/tools/check_exact_cpp_integrity.py,reference_model_or_benchmark,8925,b9a25906aaadc0b5a995b499924a45a6085e5420c20820f6591bd0c15af0ba67
ART-00570,models/digital_equivalence/exact_cpp/tools/check_performance_benchmark.py,reference_model_or_benchmark,5591,0cd2a998b227b7d44b5be12c1a5da1738c68c0124f7a44da3439ebcf14671049
ART-00571,models/digital_equivalence/exact_cpp/tools/compare_traces.py,reference_model_or_benchmark,3384,765d45b9399e673b5c1678a3a3de56c060d632c255815a893dc31b3bd6b4f685
ART-00572,models/digital_equivalence/exact_cpp/tools/generate_golden_traces.py,reference_model_or_benchmark,7244,c215d252f2e0836b2ada6005d96a86e4c8466ff5c37509c17e227dc201ca6699
ART-00573,models/digital_equivalence/exact_cpp/tools/generate_locked_parameters.py,reference_model_or_benchmark,4586,aa92f4041727d8bd437b74cdb9176691878f9e31d246702821293615c3280776
ART-00574,models/digital_equivalence/exact_cpp/tools/generate_sample_state_hashes.py,reference_model_or_benchmark,3418,e41e92d425d5a9f1c76431644d8002da7a6246cc4d82514f4bb3a2b5fb1c2c73
ART-00575,models/digital_equivalence/exact_cpp/tools/post_benchmark_equivalence.py,reference_model_or_benchmark,3929,e70088ca738edb9f2ac651699d8d0857e307764962fa318eb4ecb1d272b42b6c
ART-00576,models/digital_equivalence/exact_cpp/tools/run_cpp_equivalence.py,reference_model_or_benchmark,3945,e151c75e9b84d65df39814d8b6b00d3d78da6cca24cc12aa321190d4e0732831
ART-00577,models/digital_equivalence/exact_cpp/tools/run_xsim_sample_hash.py,reference_model_or_benchmark,2714,b3583da3836336e594b66c67a62132d37140490507dc994e3a6dd95c98c2a6ee
ART-00578,models/digital_equivalence/exact_cpp/tools/run_xsim_trace.py,reference_model_or_benchmark,2675,5c8e7bba1dfbe7bf5c9b6c269388920e6f84c73e5ea7653c9570bc288d574142
ART-00579,models/digital_equivalence/exact_cpp/tools/summarize_equivalence.py,reference_model_or_benchmark,2877,914ed6556f6e9868ab5654c54859965f7f3d819114e2e0e4eb8051e44474afa5
ART-00580,models/digital_equivalence/exact_cpp/tools/summarize_performance.py,reference_model_or_benchmark,4732,eef8bf59a4a3f57983409d0151c854d05a05150bd88638a0f15d69c37277d842
ART-00581,models/digital_equivalence/exact_cpp/tools/tb_exact_cpp_sample_hash.v,reference_model_or_benchmark,6009,6ecdc6fa494e15554fa6b8707d92f283d6889cd29e41351442a3890d7ec53f4d
ART-00582,models/digital_equivalence/exact_cpp/tools/tb_exact_cpp_snapshot_trace.v,reference_model_or_benchmark,3896,04c00fed72faafd106f8a07f98b56d00ce9b90d09d143027c01c432b15ea1822
ART-00583,models/digital_equivalence/exact_cpp/tools/verify_build_identity.py,reference_model_or_benchmark,2795,2928492624997133fc62d3fdc4f7b9fdcaac24100cbd251dc8e4b3db588e0df6
ART-00584,models/digital_equivalence/README.md,reference_model_or_benchmark,2308,aa53ffadd3529216ba0e2dd33bae64df0027827703617cf2ce236b2e6fd4fb57
ART-00585,models/digital_equivalence/reference/best_final_membrane_snn_huge_grid_locked.json,reference_model_or_benchmark,10122,578a47c2a0036d78d2c1958ef8e5743dd64e4d0f1a99683b88b103f5c292e7d2
ART-00586,models/digital_equivalence/reports/ACCELERATOR_BENEFIT_KR.md,reference_model_or_benchmark,1838,7ce683937096d7f4ce04ae516a8015bb702241f7972664164c2fe82517d5ae14
ART-00587,models/digital_equivalence/reports/BENCHMARK_LIMITATIONS.md,reference_model_or_benchmark,2170,6499303e61d775aea543d38eaac0d43a290ceaf0a4d7fe7ccac31d4a5f118d28
ART-00588,models/digital_equivalence/reports/POWER_ENERGY_METHODOLOGY.md,reference_model_or_benchmark,1953,7ea38ab94f884adb447fb37b7b0c1ac5a2daf5a54cb518369b9fe47afabb21a1
ART-00589,models/digital_equivalence/reports/WEARABLE_LOW_POWER_EVIDENCE_KO.md,reference_model_or_benchmark,4066,70dab7a63f2faac5f90f65021328567c6addcafd34bbebd9d86a3ba402dc6486
ART-00590,models/digital_equivalence/results/accelerator_benefit_summary.csv,reference_model_or_benchmark,1348,052e10d9c905262b9a9e26d7c3bf13e15758d75c6f00513b41c73327baf8afe2
ART-00591,models/digital_equivalence/results/activity_power_summary.csv,reference_model_or_benchmark,12611,0339fbbce802a17d1432b9c26f0a0b683a4f7d2b64a0bfbe31584226590e1148
ART-00592,models/digital_equivalence/results/activity_power_summary.json,reference_model_or_benchmark,40027,2799e51df4adab91a21a54927b28b16a2b16a8d3c67448c4eee41a2bc66728f8
ART-00593,models/digital_equivalence/results/board_timing_summary.json,reference_model_or_benchmark,2863,3befad9822c465d7930de6f4e69e2d0a2a9742b748189ae49bc5fe345d3fe838
ART-00594,models/digital_equivalence/results/cpu_cpp_kernel_summary.csv,reference_model_or_benchmark,5115,22a6a5bb72a0cb82ca3aa4ad1c971b6e632b923f4d155638536d689c65e34e9d
ART-00595,models/digital_equivalence/results/cpu_cpp_kernel_summary.json,reference_model_or_benchmark,1136,c322bf6f8038ff335e60aca5f3d5996f1e14efb69c4d0fecdcf79d88e33dafc0
ART-00596,models/digital_equivalence/results/post_benchmark_equivalence.json,reference_model_or_benchmark,352,1ff9c92c9659b09da0af0079ffb24dc76aef7fc91ebb0ef212bee88d8c5328a6
ART-00597,models/digital_equivalence/results/power_energy_summary.csv,reference_model_or_benchmark,1103,dac37b01f13cf44cd54e1bed3c7417cfa41cb89adb39062a323daccfef3682a3
ART-00598,models/digital_equivalence/results/power_summary.csv,reference_model_or_benchmark,3490,61b62fe87f9838568288ef89b71f53740112c185e7088283b53d25b04fc407b2
ART-00599,models/digital_equivalence/results/power_summary.json,reference_model_or_benchmark,9976,c0fa9c173b2ec8f049af3fdcb87c75936c7e254f0b75d808576e46bbcdef0dc6
ART-00600,models/digital_equivalence/results/python_equivalence_gate.csv,reference_model_or_benchmark,2125,e6203d138f328d5eab63cfabc26c6b1853b6e4a9027f0cb9650b4a1eb9a51393
ART-00601,models/digital_equivalence/results/rtl_cycle_summary.json,reference_model_or_benchmark,1358,e2f120dbaada3d6b123e53c2c2f7685509f1a63c0087eb41adc433cae24563e3
ART-00602,models/digital_equivalence/results/wearable_power_budget.csv,reference_model_or_benchmark,3627,ba1df11274ec59ecedad9f7531871bb7d178567d91e5f3d9f22bee6c070e4852
ART-00603,models/digital_equivalence/results/wearable_power_budget.json,reference_model_or_benchmark,6435,a11d095d1c3d604cf241df231d9b1ce607626276e9533eeffc4db59766b912c8
ART-00604,models/digital_equivalence/tools/check_python_equivalence.py,reference_model_or_benchmark,3933,541e429f78e3231c5f19ea32e34c2b018cbc9fa35739c6f23983a3b2dc4277b8
ART-00605,models/digital_equivalence/tools/locked_integer_inference.py,reference_model_or_benchmark,9299,66ea18c0012fbc373bda83b80bcba85a10ed71b1927c0ffadc401094d7bf6257
ART-00606,models/digital_equivalence/tools/run_python_benchmark.py,reference_model_or_benchmark,6386,7963381801b088508f6bda07f7c4ae27ac52e72e852b0379db3103a6da5854ac
ART-00607,models/digital_equivalence/tools/search_final_membrane_structural_grid.py,reference_model_or_benchmark,25596,4a1b159a01f1448a6a8732e0006b6050547d3eb047ca2b9f2d3fea4b4b9d4942
ART-00608,models/digital_equivalence/tools/search_final_membrane_v2_snn.py,reference_model_or_benchmark,40257,44d84e36cf6ee204cfd75e79c7e87b05f8dcd2be0e606ca377cb62ebdc8113d7
ART-00609,models/digital_equivalence/tools/snapshot_c24_rtl_exact.py,reference_model_or_benchmark,97726,b3e6562be83121a5b763af98903ccf220e7197d3708cd38775acd9b12dd59510
ART-00610,models/README_KR.md,reference_model_or_benchmark,568,424a1deea5530d5e9380804531b90f211f10681ffb231ff47febc87f82bac8ff
ART-00611,project_registry/benchmark_import_manifest.csv,registry,1770,a5ea89e3f6033b6e5051d93e1c8dfc1e9f9a68b0bb5f8ffef8ca621d018fe40f
ART-00612,project_registry/claim_registry.csv,registry,7890,75c063466c20164ff4f87fa2b94789df44bf01dc2587140e9631343e7172ed4a
ART-00613,project_registry/external_reference_registry.csv,registry,4326,3f655dc05617098a26caac103f26b1acd6e6ea34317748dbc0e153a9f3583141
ART-00614,project_registry/global_metrics.yaml,registry,4005,d14cf763660b1abf12e95b866c044b5bd8be0eefcaea869f5ea9a45c90eefe69
ART-00615,project_registry/ownership_matrix.csv,registry,1563,24b66a011e64af1ab8156ea46e20ffd37846e198cda428734ac2a4bc6e85055c
ART-00616,project_registry/path_redaction_manifest.csv,registry,10081,98829bba10ab5c9c3b516723d4f2ca17d137ce571216aacab77f3555c30f4e32
ART-00617,project_registry/README_KR.md,registry,207,5dc43da7e87912bf220c4965277da158f7abac7d369b0d963eb1ea2d961e8f60
ART-00618,project_registry/terminology.yaml,registry,820,4317aef8ecbf3afb5a2ae240a22557cf702ac08ba60d8f6238dfdff092f46a6b
ART-00619,project_registry/unresolved_artifacts.csv,registry,1760,3a25422a54882b69e9455ee2092b4eadb5d765a32bc4e82029080be6163c416a
ART-00620,project_registry/upstream_commits.yaml,registry,1034,b236378a13aeb32aba6244be56f65f835afb7badf99c3b4ff1b8f6b4d027414c
ART-00621,README.md,repository_control,8213,f842a744f1e27d823d68c36a560ff334ace9d26ca9f8835947ac1cbbb1618e16
ART-00622,reports/clean_workspace_check.md,integrated_report,291,f6bdcd6719b4bc103d425ddac65acfc87b8b369d4d2669b5d4e291c333508b5c
ART-00623,reports/INTEGRATED_REPORT_REVISION_AUDIT.md,integrated_report,3816,86802d8732d702ae5e96e49b69cc6d1d54e9785efed51de07b10f6db781f6648
ART-00624,reports/integrated_repository_check.md,integrated_report,569,6cda91a74f91e0e3cdc89cf97a34cb34ce584e08ebdb35bb8a6954c8b387c629
ART-00625,reports/INTEGRATED_TECHNICAL_REPORT_EVIDENCE_MAP.csv,integrated_report,5749,d5fff564476a21ef603727e1efb7b8bb015442de0262d6d456340991b73bcb0a
ART-00626,reports/INTEGRATED_TECHNICAL_REPORT_KR.md,integrated_report,47437,a1e47a0c04a78e03fe91c6e2ddc558b9242eb3aefeff9b1c3a6f932a2889bf10
ART-00627,reports/INTEGRATED_TECHNICAL_REPORT_REVIEW_CHECKLIST.md,integrated_report,2458,beb5042a5c7683220791ab4e5e12ca155f293a29ebc803eaf3584af3213b4960
ART-00628,reports/PUBLICATION_READINESS_PREFLIGHT.md,integrated_report,1530,220462f672b697e14f6643a79f6d220fc87faccd34ad293aa4e7233a5c8e5338
ART-00629,reports/README_KR.md,integrated_report,704,749c2f165dfb33b24969299dcd0b89c6b205cf5f12a8e4334376e720809f190c
ART-00630,REPRODUCIBILITY_KR.md,repository_control,3504,14ab71d45225f7c4f25926a020407eb1c1fd4b06feb377d1067a96368259d834
ART-00631,START_HERE_KR.md,repository_control,2164,7ff1ef1876426395ff54ecc8a8a12c0551ab2e592456269e1eabf463f169bffa
ART-00632,tables/asic_gpdk45_ppa.csv,publication_table,1844,12538c97512cf2168241a93637173222acab8643631596055c1fd677ce639ac8
ART-00633,tables/classification_results.csv,publication_table,959,24e39c0ef849282a24555d8de6974541ccd35539e9f7aeb698cf0bc5ccc819e0
ART-00634,tables/hardware_implementation.csv,publication_table,2272,ae322ad3006a8d058cf99df2c261acdf0ba1c2608007b581a9f9d2672bdee9c8
ART-00635,tables/integration_evidence.csv,publication_table,1939,cd40e21f11acb8df4b52bdc0b018ac3d507f73b9d240eabf8f1ef89e640f1980
ART-00636,tables/streaming_state_inventory.csv,publication_table,5518,da2a08ee9d00fa8234645521ab8309238de6b27ddeb0fa055a49d37b80262196
ART-00637,tools/build_artifact_manifest.py,reproduction_tool,2233,2c9d17d11fafa89d229100c3417ba79f19e2e718228da3d095d6ff3ceb561bf4
ART-00638,tools/check_clean_workspace.py,reproduction_tool,3345,4897a5a20522174a986f7596b2dc774360ce97a2bcd634df9b5b9c2812a0452c
ART-00639,tools/check_integrated_repository.py,reproduction_tool,6836,b24adb1aab492e9f3d8adf82ddd4c07093096cd267821e9f008b7bf2e59a2688
ART-00640,tools/check_integrated_technical_report.py,reproduction_tool,6338,b119fa9f05d26eaf69eed19ea26a66e532fde2155c16a35ef6ae4c2c42cb9a00
ART-00641,tools/data/generate_locked_digital_36case.py,reproduction_tool,9072,a94354ca20c8baa0d7de9aa3146efa6d6cf0cd28f0884d87a1e6869978bcc5db
ART-00642,tools/fetch_physionet_datasets.py,reproduction_tool,5669,a846455a5baf10bcf32211d1e4e0b2e177af8c24017a7bfd10074f17529f2fdc
ART-00643,tools/README_KR.md,reproduction_tool,922,76f850b31e553f7b4a037b2e0fe5799fc8e918cdce086b73fd5f66210665d5f1
ART-00644,tools/redact_local_paths.py,reproduction_tool,1898,60824db6c84bc2cce753a78e66ca7d9b77d9edba73d0ee3f66254b289e9c1893
ART-00645,tools/verification/run_xmodel_adc_pure_rtl_replay.py,reproduction_tool,25984,38f848792cd7e1be2d601ba7268b4bdec6bd34fea96e54a3fcdb3e4a03caece1
ART-00646,tools/verify_physionet_datasets.py,reproduction_tool,3135,8ebeaac0a5b652e8037727a44579d64d76f5d0e4d959a1ff7d9068c0b7669eda
ART-00647,tools/vivado/compose_rtl_hierarchy_figure.py,reproduction_tool,5829,3c00be9a585d02e2036497ebead841373b251c2c30bec3aaee5bea0c24deea43
ART-00648,tools/vivado/generate_publication_rtl_hierarchy_svg.py,reproduction_tool,16500,f7030dad99098f33a9fb004337ebd1948cb8584e6669d27ded1942a44626ea28
ART-00649,tools/vivado/generate_readable_rtl_elaborated_schematic.tcl,reproduction_tool,22825,60cdf972cf681375bff7b1eba5637d7f797d35109119cbaf20b1951308b69759
ART-00650,tools/vivado/normalize_vivado_schematic_pdfs.py,reproduction_tool,3307,de884fcacca75ea17204bca015d0320ee1bbca32b51435c34d67785ebf6686f4
ART-00651,tools/vivado/verify_canonical_projects.tcl,reproduction_tool,2157,1f147401690c73e3c146f3b7d2ebfdc0023237b5312f2f0bdbf742ae41a06215
ART-00652,verification/asic_gpdk45_core/CHECKSUMS.txt,verification_evidence,2501,4053d68d6900b49928d0125f7a50d595e5571c230b601290e77cbbb9ce3512a5
ART-00653,verification/asic_gpdk45_core/executed_flow_sha256.csv,verification_evidence,2360,78a0626d18706bee1f7ed1f2089729ef956290f19d4ee659587005a50bbef2f5
ART-00654,verification/asic_gpdk45_core/executed_snapshot/constraints/core_100mhz.sdc,verification_evidence,416,a5660719f6323a89b70dbfd0bdf8faeef1b5d9517adb19aac9ca868f932f16e7
ART-00655,verification/asic_gpdk45_core/executed_snapshot/README_KR.md,verification_evidence,2072,350fff43a9442cafaecb1ac098879dd5995690ea203ab92cce3242990aeb7352
ART-00656,verification/asic_gpdk45_core/executed_snapshot/rtl/snn_ecg_asic_core_top.v,verification_evidence,2211,17ab8e04d4a96e4be6d86b2f5d6c5eb3d6a5df042f957f51c8c14de7b7a4cad8
ART-00657,verification/asic_gpdk45_core/executed_snapshot/scripts/export_layout.tcl,verification_evidence,460,9556a19b35ced176d8db30be142f9e733adc337c28c9300101c8221dd4a1488e
ART-00658,verification/asic_gpdk45_core/executed_snapshot/scripts/mmmc.tcl,verification_evidence,1990,8c48650ec74712ea35d816bf8fe69f373791217bd92eccbc39ca7ec51b1d4da2
ART-00659,verification/asic_gpdk45_core/executed_snapshot/scripts/report_mapped_netlist.tcl,verification_evidence,1346,906210d5d6718bc0ccc233ce37a456a406af14971946e2970060ae74cc8047b8
ART-00660,verification/asic_gpdk45_core/executed_snapshot/scripts/report_routed_checkpoint.tcl,verification_evidence,2302,f6ddda12e20d0dfc6b2a44878b13be875396fe7bffe3f775a4b8484e6a75b93b
ART-00661,verification/asic_gpdk45_core/executed_snapshot/scripts/rtl_files.tcl,verification_evidence,1193,7ff5bfef5f00460a612144961d4d69424b86565d489a260ed49ca5494e94f90a
ART-00662,verification/asic_gpdk45_core/executed_snapshot/scripts/run_genus.tcl,verification_evidence,2146,cbf8c2c727a30978b7472047567e014ecce4b21831346f0df7526e0f7bf3fdc1
ART-00663,verification/asic_gpdk45_core/executed_snapshot/scripts/run_innovus.tcl,verification_evidence,4742,fbc1f78b17355034bb7d3e32f373f22a73f0564928bace24f8dd5551988e73f0
ART-00664,verification/asic_gpdk45_core/executed_snapshot/scripts/xcelium_wrapper_smoke.f,verification_evidence,837,41f8cf18b5059e331a72601e86f6ea1967f2d865a32cb923a6e1fdb68740e2ec
ART-00665,verification/asic_gpdk45_core/executed_snapshot/sim/tb_asic_core_wrapper_smoke.v,verification_evidence,4528,ea1fa07cf4787bed2f3df52e6c236adcb1c5b02310e1b6f6459c46af6e2216ea
ART-00666,verification/asic_gpdk45_core/figures/routed_core.gif,verification_evidence,38461,ff358dccc0ba7843e9d8138d4539548f562d6fdf80ad1e35e0b55f59656d85c9
ART-00667,verification/asic_gpdk45_core/pdk_file_sha256.csv,verification_evidence,587,5bf89c7a242cd7073396c8c620a470e4a8bad4ad7692d22f587140602e470377
ART-00668,verification/asic_gpdk45_core/README_KR.md,verification_evidence,6462,cf90f0ffc0fd34a049ef6ed6a0dd4fff38302d9a602549ea098c81cf693d17a3
ART-00669,verification/asic_gpdk45_core/reports/conformal_summary.txt,verification_evidence,462,df128b38b2d4b965d804d9b3db6783b5334844d313cf466a12d01f3d1111776a
ART-00670,verification/asic_gpdk45_core/reports/genus_summary.txt,verification_evidence,510,f643cbf9a8c3e38c220ba67d3a1ba623216a3526030d8e225aa1a74d14dfda98
ART-00671,verification/asic_gpdk45_core/reports/innovus_summary.txt,verification_evidence,1889,3a2fa5c66a906ec2260f91e02da7c387aae365c10f951536373636bee7473a3f
ART-00672,verification/asic_gpdk45_core/results/equivalence_summary.csv,verification_evidence,589,668ec42364e26171fc47cd9155a3f45f428441692bba42eddfcc843b62ac5a7b
ART-00673,verification/asic_gpdk45_core/results/netlist_identity.csv,verification_evidence,304,79d1fe928d52e1ad8922fc5dec83074a715efe561cc3b745470f0c2dd0d3f1d8
ART-00674,verification/asic_gpdk45_core/results/physical_checks.csv,verification_evidence,1826,602ef8e4bce9c278eec3b86b91d508b4b2acd6fd1777e86ccabcb9673e5a675e
ART-00675,verification/asic_gpdk45_core/results/ppa_summary.csv,verification_evidence,2767,871c7026c3b16e94f74879621163e988aa2a30d2580337ae3e5b5817de7b8c89
ART-00676,verification/asic_gpdk45_core/rtl_source_sha256.csv,verification_evidence,1921,6fded5ab6bd9352c1d8a7de6727ac1c97c8c8ac8f08c01a7b8f0a21c5e9e2906
ART-00677,verification/asic_gpdk45_core/run_manifest.json,verification_evidence,3856,9a50acda61445c207ceefdea43d8101511aa43b571fc9022fa9856e7dfc1a1b9
ART-00678,verification/fpga_implementation/accelerator_bounds.csv,verification_evidence,53,0416c2199d6f5451d02aab857d21d959ff31acab28d635e94b7c630120f17042
ART-00679,verification/fpga_implementation/build_annotated_device_figure.py,verification_evidence,13244,7e6b9166ef6c2b26fbfbe4e89c33e08057f790f54f7a0fed77ce7419f341377b
ART-00680,verification/fpga_implementation/build_vector_publication.py,verification_evidence,10650,c4db09b2e229e0edd5ec6237a7154e2235dd1845e6b1b2b4f1016a3732da7677
ART-00681,verification/fpga_implementation/caption_kr.md,verification_evidence,2779,7b2a84b15db983dc0486ad57ffbacea73f1a2900ee7ba30e76c3ddb4ca922749
ART-00682,verification/fpga_implementation/device_grid_bounds.csv,verification_evidence,58,46b8c59fec565fa8ed496d37cabea1a2d54b971438a082349e8dfa76478cd0c3
ART-00683,verification/fpga_implementation/evidence_paths.md,verification_evidence,3808,598be1e576e1b1bc7978eb4b13e085a5995354963a45a479d4149458d116c1cc
ART-00684,verification/fpga_implementation/export_vivado_figures.tcl,verification_evidence,9289,b7d92b421a5b8c55a5f639e023060a2662ca246180e8903b91f6888e107bde1c
ART-00685,verification/fpga_implementation/extract_hierarchy_placement.tcl,verification_evidence,2880,b30a462f6c5d9c93d62c279feacab99afb7d91d3ee225ae6d3425c9ad27e4757
ART-00686,verification/fpga_implementation/hierarchical_utilization.csv,verification_evidence,1621,2664ed5c6e5907b4e98ca7dcf40d9a8529c34262eaed7ace9371f0f874fc5f0d
ART-00687,verification/fpga_implementation/hierarchical_utilization.rpt,verification_evidence,235996,1cde42a1c5db8c220bc34600c6e8e725e4f0b3360348e8f725edf6a6fcd2a1e4
ART-00688,verification/fpga_implementation/hierarchy_tile_occupancy.csv,verification_evidence,103968,5241815904be90b554d0dfee67d5b378db6d384cf52826c6b42b57d9ad79b636
ART-00689,verification/fpga_implementation/native_vector_export.txt,verification_evidence,230,e12572e111560eef48eb3784fd1331d8a729774df0300c21601cd0729193b443
ART-00690,verification/fpga_implementation/placed_tile_occupancy.csv,verification_evidence,123900,d8722cca38617f0c19427c369d393cb27192d6901cd8fc514e1579da9e62fadd
ART-00691,verification/fpga_implementation/raw_vivado_evidence/post_route_device/drc_routed.rpt,verification_evidence,5901,e4a442de18de06e92d6da8132b5f4d7a600b88a5be2af716b0f7714d1116f27f
ART-00692,verification/fpga_implementation/raw_vivado_evidence/post_route_device/power_routed.rpt,verification_evidence,10392,c93aa2e98846ad017e67284c472bdcb9b5d1a24ad3064ed889c95396a6fde802
ART-00693,verification/fpga_implementation/raw_vivado_evidence/post_route_device/route_status.rpt,verification_evidence,650,b5be8d679b5a378021f1439d7fe156e45246f4e02e992714a8950b166082f81c
ART-00694,verification/fpga_implementation/raw_vivado_evidence/post_route_device/system_routed.dcp,verification_evidence,10711859,1cb7254117287027781e3b6588c55db0a2de55a7f8709ea96e4a723f1f3259af
ART-00695,verification/fpga_implementation/raw_vivado_evidence/post_route_device/timing_summary_routed.rpt,verification_evidence,439725,186ce4c7dcecf0bc99df8be5e50f74e0c9b531d63c09e65f9f36fa026e2f6ea5
ART-00696,verification/fpga_implementation/raw_vivado_evidence/post_route_device/utilization_placed.rpt,verification_evidence,11447,556ee4861d8318f4d74e4fe3419a52b8b788d4e8b643f1254fed325862785dc0
ART-00697,verification/fpga_implementation/raw_vivado_evidence/README_KR.md,verification_evidence,1720,363bfa8beb4006eee48dd772116a0b037f6f01da51146cc1b4e6229b726e3557
ART-00698,verification/fpga_implementation/raw_vivado_evidence/sha256_manifest.csv,verification_evidence,1810,1ba9660d019ec4412e353a6430fa1d73efb9ccda4e844a31cb62010e88eaaeaa
ART-00699,verification/fpga_implementation/raw_vivado_evidence/system_power/drc_routed.rpt,verification_evidence,5901,624b29a6879bba5cf8f3fb2a6ab319449c5a6cbd98a0d23676132d1f200b8a2c
ART-00700,verification/fpga_implementation/raw_vivado_evidence/system_power/power_routed.rpt,verification_evidence,10392,5117e051c72e56df9a598237c03c2ee249bcdb178a8b8752fb0c2417348b18be
ART-00701,verification/fpga_implementation/raw_vivado_evidence/system_power/route_status.rpt,verification_evidence,650,b5be8d679b5a378021f1439d7fe156e45246f4e02e992714a8950b166082f81c
ART-00702,verification/fpga_implementation/raw_vivado_evidence/system_power/system_power_routed.dcp,verification_evidence,10643979,9f2b20d4d5779a6cff8317bb74c4b50a170b64f6ece8a6b08da780be7633fbd0
ART-00703,verification/fpga_implementation/raw_vivado_evidence/system_power/timing_summary_routed.rpt,verification_evidence,439725,443289cebe6eb87aa95cf1a8d03fa8546f7690fdbb0b33ac1bb735ed6db97337
ART-00704,verification/fpga_implementation/raw_vivado_evidence/system_power/utilization_placed.rpt,verification_evidence,11447,6a1de6ef901acbae7909f2e26aef68b95be23c61d99c43377b74dd543cc980c8
ART-00705,verification/fpga_implementation/raw_vivado_evidence/verify_archived_checkpoints.tcl,verification_evidence,802,e8c341e565b45864f1c91d1722f2e9d7cacd6b3759623b0fffaea08fb6853629
ART-00706,verification/fpga_implementation/timing_summary.rpt,verification_evidence,1994494,c34b3512e9983ea409d083f151c012d90ed886bb9e2cc6815656ab90d3f8e3e5
ART-00707,verification/fpga_implementation/worst_setup_path.rpt,verification_evidence,14958,c1080d8317ab715767cf490d124e7bba4131eaa70d6d3c47a542b4ec68b22e11
ART-00708,verification/fpga_implementation/worst_setup_path_metadata.csv,verification_evidence,275,a0b2b47ae2d330435b7c8dd4458148b083c3f5fc745704358aa216c719281fd8
ART-00709,verification/integration_evidence/excluded_large_dataset_paths.csv,verification_evidence,343950,d57f2e5513df3706a8bd98929f047932bc9282d5ad1383f235a2aa135d3070e7
ART-00710,verification/integration_evidence/excluded_upstream_paths.csv,verification_evidence,268116,94584a137a09b64a79ab0091fff26462003c074064c3fd24f3ad8508236a1f87
ART-00711,verification/integration_evidence/upstream_status_before.json,verification_evidence,10159,0c0d6e4d25b7e571c94c5fd19413f676be47daf791312756faa538572fc3f879
ART-00712,verification/README_KR.md,verification_evidence,714,9fef47ee13fa7aabe49f7c3e617d933471ad8c6141d6f11f8fedc1bd87868ced
ART-00713,verification/timing_optimization/RTL_TIMING_OPTIMIZATION_HISTORY_KR.md,verification_evidence,5951,c6eeadbd5fcd235eaa8edbd3e7c62151f38fdebc9d1ea75c092c906ba52b4d0f
ART-00714,verification/xmodel_rtl_acceptance_36case/debug/fast_harness_cadence_note.md,verification_evidence,1173,cf6805e61a9c57ef84249b06998c8b687eb5af75a07b3990a068d12df65c067d
ART-00715,verification/xmodel_rtl_acceptance_36case/harness/compare.py,verification_evidence,1373,078ae9a24f8374be750645379d2ade1b2bd580f4853ff6e98167055a5ec000b0
ART-00716,verification/xmodel_rtl_acceptance_36case/harness/manifest.txt,verification_evidence,93,2ef1e2ba35cb36caf031857a0bb114d7e9683ae1daff2d7ca1ea517570d073e6
ART-00717,verification/xmodel_rtl_acceptance_36case/harness/sources.prj,verification_evidence,818,84871cb692aa0c680f27e3b1b19514c9f199b88a1abdec88f243d54c319352fa
ART-00718,verification/xmodel_rtl_acceptance_36case/harness/tb_locked.v,verification_evidence,376,e949a9ce873cd6ad0553f1edf1a7e8f3c7969ef91e3e8a1b768765190b34ed2e
ART-00719,verification/xmodel_rtl_acceptance_36case/input_sha256_36case.csv,verification_evidence,8214,768f84948779fcdf15d9364fdb12df6470de91795a2d5120be279b6dd5454018
ART-00720,verification/xmodel_rtl_acceptance_36case/input_sha256_36case.md,verification_evidence,4228,8a9950f4595caef1898292c3eef3d6f173126a08053b9dd87be04330fb2c19ce
ART-00721,verification/xmodel_rtl_acceptance_36case/LEGACY_ACCEPTANCE_REPORT_KR.md,verification_evidence,9322,19b816f506c928a0083a756e39957d824ced96a522015fe245348a097fb8b4c6
ART-00722,verification/xmodel_rtl_acceptance_36case/output_equivalence_36case.csv,verification_evidence,4081,c7acd1a79fbdee5de517660a006ad8b4cf29c18d11854f1d1428296c5ab2ece8
ART-00723,verification/xmodel_rtl_acceptance_36case/output_equivalence_36case.md,verification_evidence,4400,74865937b767cf8ac6ceb37026a0ff2b5f82a8453d176fdf0210b9e1c4353b9c
ART-00724,verification/xmodel_rtl_acceptance_36case/README_KR.md,verification_evidence,1174,1b3200782f5c08f46316820796c5b6604e73dd0a351a4189f357fa71d58021c5
ART-00725,verification/xmodel_rtl_acceptance_36case/xsim_results_36case.csv,verification_evidence,4067,604fc7fbb502efdb04713606cca52fc07fcb656df884c396ef2b9ab0c6645b78
ART-00726,verification/xmodel_rtl_acceptance_36case/xsim_results_initial_w000.csv,verification_evidence,628,36d702422c342ca3fd56700bac94824de4b17541152889ba147319824fcbe075
ART-00727,verification/xmodel_rtl_e2e/ADC_DATA_PROVENANCE_KR.md,verification_evidence,3015,9f9a065cf00044f9af899b2d295e5f8e02f7477f026c6a572ed0a986598fbf1e
ART-00728,verification/xmodel_rtl_e2e/case_comparison_36case.csv,verification_evidence,10543,538365310a2e7b534c1e9a15aeef100da6c43e092b8223ccdf0d540e9e561a24
ART-00729,verification/xmodel_rtl_e2e/direct_integration_evidence/integ_AFF_afdb_06995_chunk01.log,verification_evidence,22836,089b2f0e848709232c19179fcd0be336c7a90aabaea3e616188888c80847890f
ART-00730,verification/xmodel_rtl_e2e/direct_integration_evidence/integ_ARR_mitdb_102_chunk00.log,verification_evidence,5781,81d3579ec7c8ca4ee9e579266e442d9cdf450f5449607c1d6a482b8f94aca017
ART-00731,verification/xmodel_rtl_e2e/direct_integration_evidence/integ_CHF_chfdb_chf06_chunk06.log,verification_evidence,5793,5b8b5ff4a659bfa9da519610af29a502c1e2eec69e570fbd1f29a5618e1e4a3a
ART-00732,verification/xmodel_rtl_e2e/direct_integration_evidence/integ_NSR_nsrdb_16272_chunk03.log,verification_evidence,5795,942d6f78b9f8c3d334aabfaa0e6c17800acf18f324a634bfeac868ebc78755c5
ART-00733,verification/xmodel_rtl_e2e/direct_integration_evidence/legacy_emulator_input_manifest_36case_sha256.csv,verification_evidence,8280,9ad1b3aea2e25d4bfe1937d3201e4e9f866df2a4b8d5b0b7dc87304bf44465b0
ART-00734,verification/xmodel_rtl_e2e/direct_integration_evidence/rep4_e2e_verification.csv,verification_evidence,1448,2d07456d500fea3c1a1afac7a4a8568cccd3a68054fbd0e7a98c26910425105f
ART-00735,verification/xmodel_rtl_e2e/direct_integration_evidence/replay_AFF_afdb_06995_chunk01.csv,verification_evidence,440,8a2bcf91bdd5982255619fc046d5e9f9a9d93c96ffe4b4ac963e3684e85bb0cf
ART-00736,verification/xmodel_rtl_e2e/direct_integration_evidence/replay_AFF_afdb_06995_chunk01.log,verification_evidence,19377,9ce28fd6907efcda3a0da778524fea133142ae60425ae94a0ed599897b5732c7
ART-00737,verification/xmodel_rtl_e2e/direct_integration_evidence/replay_ARR_mitdb_102_chunk00.csv,verification_evidence,441,7f8293fd1bb09ad228c945b04631ae1769f13a3b71779ebf3ad8db75064ca588
ART-00738,verification/xmodel_rtl_e2e/direct_integration_evidence/replay_ARR_mitdb_102_chunk00.log,verification_evidence,19376,86fc5b5fe993db18e1c67e1e99766d0a51870aa3005dc18af031fc3e6757210b
ART-00739,verification/xmodel_rtl_e2e/direct_integration_evidence/replay_CHF_chfdb_chf06_chunk06.csv,verification_evidence,441,49fc97e3cb67bd6f910221b8a38ada4be2bdf363408e13d6095bd0850d1bee9d
ART-00740,verification/xmodel_rtl_e2e/direct_integration_evidence/replay_CHF_chfdb_chf06_chunk06.log,verification_evidence,19382,9c15a1c6d00808c87b534efacc52936d1c1e58f97731aa09dbb56981f61673f4
ART-00741,verification/xmodel_rtl_e2e/direct_integration_evidence/replay_NSR_nsrdb_16272_chunk03.csv,verification_evidence,442,4fc0398b5cb42cf42a7c67ecf7908d26c3e300664bdf860d5ba17c05493763ae
ART-00742,verification/xmodel_rtl_e2e/direct_integration_evidence/replay_NSR_nsrdb_16272_chunk03.log,verification_evidence,2079,df07a083838d3e6fed49329b3d31ac4f5fedb0387e2ee83d41c72975f20558a8
ART-00743,verification/xmodel_rtl_e2e/FINAL_REPORT_KR.md,verification_evidence,8866,a83e88193084bf015304509d53fe01184e378b8b11e45506d26a22ba2e8f6d8a
ART-00744,verification/xmodel_rtl_e2e/input_sha256_manifest_36case.csv,verification_evidence,8855,2e4912dcc8c8dc6e0bc53d7a308faf912d9062562c598b652184c09d4716b5e8
ART-00745,verification/xmodel_rtl_e2e/overall_summary.csv,verification_evidence,407,dfaccfd470b943ef69797e25516f59686e34016467d0c54c9a936e1f308096fd
ART-00746,verification/xmodel_rtl_e2e/PASS_FAIL_SUMMARY_KR.md,verification_evidence,1101,e3bea252863eba7fbaf2b778ad6abdce189364282c1c7f53de1afc38f795ea9c
ART-00747,verification/xmodel_rtl_e2e/rtl_source_hash_manifest.csv,verification_evidence,5333,c8877b13e803ee0334f3e4a8d380ff6a48d0f443a7609493be47438cf73c405a
ART-00748,verification/xmodel_rtl_e2e/xelab.log,verification_evidence,3122,0887a7f5c5156117b7b469e430b0cdda35ceb5ae5fd45ce43544d0a9bfa47efb
ART-00749,verification/xmodel_rtl_e2e/xsim.log,verification_evidence,2171,a44f156209ca872567f7152b329087b26e63d4d697a41cf6912f09f2b098fefb
ART-00750,verification/xmodel_rtl_e2e/xsim_commands.txt,verification_evidence,356,260696ff0c6e0c1b8e43247ea02d9ec5a3062decaa3730e60c221eedba291b76
ART-00751,verification/xmodel_rtl_e2e/xsim_replay_results_present_cases.csv,verification_evidence,755,9599647473ac0e7775152fa5ccb6b488b127a1fae98ede7b9a415a0d6c6801c5
ART-00752,verification/xmodel_rtl_e2e/xvlog.log,verification_evidence,3797,376bdc7eafe3398aca8c965c37b7617ae785bf099a441f4ca8b2cc86771921c2
ART-00753,vivado/microblaze/hdl/snn_ecg_mb_full_replay_wrapper.v,vivado_project,1056,83deac92698595cacaeaa2d5e28e1cfc9d0f34eb7e8fbc7a1889e226ed5117d4
ART-00754,vivado/microblaze/SNN_ECG_MB_FULL_REPLAY.srcs/sources_1/bd/snn_ecg_mb_full_replay/ip/snn_ecg_mb_full_replay_axi_intc_0_0/snn_ecg_mb_full_replay_axi_intc_0_0.xci,vivado_project,43019,ff2ab31d969e02786a6afafce6720b606fee21c196231e858b27a1de41627e15
ART-00755,vivado/microblaze/SNN_ECG_MB_FULL_REPLAY.srcs/sources_1/bd/snn_ecg_mb_full_replay/ip/snn_ecg_mb_full_replay_axi_interconnect_0_0/snn_ecg_mb_full_replay_axi_interconnect_0_0.xci,vivado_project,43638,24fa3a6a1f3cc7364acfe7d897ae934231f2411ad046cb13af3906c561dd4d22
ART-00756,vivado/microblaze/SNN_ECG_MB_FULL_REPLAY.srcs/sources_1/bd/snn_ecg_mb_full_replay/ip/snn_ecg_mb_full_replay_axi_uartlite_0_0/snn_ecg_mb_full_replay_axi_uartlite_0_0.xci,vivado_project,35003,92208a8c5cc93cf68f153c2f812e15259ded95d7b75ccb3f8b46d239de909cef
ART-00757,vivado/microblaze/SNN_ECG_MB_FULL_REPLAY.srcs/sources_1/bd/snn_ecg_mb_full_replay/ip/snn_ecg_mb_full_replay_dlmb_bram_if_cntlr_0/snn_ecg_mb_full_replay_dlmb_bram_if_cntlr_0.xci,vivado_project,37350,29fd7567e0cf0a32a3193714cbcaeb9c81117c73c83db61c4dbc536c84fd479e
ART-00758,vivado/microblaze/SNN_ECG_MB_FULL_REPLAY.srcs/sources_1/bd/snn_ecg_mb_full_replay/ip/snn_ecg_mb_full_replay_dlmb_v10_0/snn_ecg_mb_full_replay_dlmb_v10_0.xci,vivado_project,32079,690eeedb18ed678e2e9e7018e0d84e9596097b1345ffe7c44fa30551046de64a
ART-00759,vivado/microblaze/SNN_ECG_MB_FULL_REPLAY.srcs/sources_1/bd/snn_ecg_mb_full_replay/ip/snn_ecg_mb_full_replay_ilmb_bram_if_cntlr_0/snn_ecg_mb_full_replay_ilmb_bram_if_cntlr_0.xci,vivado_project,37350,b02b806d546fd9a99cf8b882c581b86227fe470f8ce2eca35d3e469c80cb155f
ART-00760,vivado/microblaze/SNN_ECG_MB_FULL_REPLAY.srcs/sources_1/bd/snn_ecg_mb_full_replay/ip/snn_ecg_mb_full_replay_ilmb_v10_0/snn_ecg_mb_full_replay_ilmb_v10_0.xci,vivado_project,32077,3f430279a883fdc390ba28f5d32aa8951d525f08a58c9bb4bc83d25d56910821
ART-00761,vivado/microblaze/SNN_ECG_MB_FULL_REPLAY.srcs/sources_1/bd/snn_ecg_mb_full_replay/ip/snn_ecg_mb_full_replay_lmb_bram_0/snn_ecg_mb_full_replay_lmb_bram_0.xci,vivado_project,48394,0b0c5d80f003b9df56f442c8297c049de81e4e31f4e994e31cd39ba016031453
ART-00762,vivado/microblaze/SNN_ECG_MB_FULL_REPLAY.srcs/sources_1/bd/snn_ecg_mb_full_replay/ip/snn_ecg_mb_full_replay_mdm_1_0/snn_ecg_mb_full_replay_mdm_1_0.xci,vivado_project,164908,b4a4cf0d8efc5cc2fcbb457b585aa34ddaf11f26c3d2170d5092db394cd61739
ART-00763,vivado/microblaze/SNN_ECG_MB_FULL_REPLAY.srcs/sources_1/bd/snn_ecg_mb_full_replay/ip/snn_ecg_mb_full_replay_microblaze_0_0/snn_ecg_mb_full_replay_microblaze_0_0.xci,vivado_project,168741,b5881bcd76e69d0420564882de0730690b17c31da7c9e5d64cbbadea33ad1919
ART-00764,vivado/microblaze/SNN_ECG_MB_FULL_REPLAY.srcs/sources_1/bd/snn_ecg_mb_full_replay/ip/snn_ecg_mb_full_replay_rst_CLK100MHZ_100M_0/snn_ecg_mb_full_replay_rst_CLK100MHZ_100M_0.xci,vivado_project,21751,44951ee6446c14b069977882a9054349906a919da4579a72f336fae47b7a1e42
ART-00765,vivado/microblaze/SNN_ECG_MB_FULL_REPLAY.srcs/sources_1/bd/snn_ecg_mb_full_replay/ip/snn_ecg_mb_full_replay_sample_feeder_0_0/snn_ecg_mb_full_replay_sample_feeder_0_0.xci,vivado_project,39132,446c2030558d42c233cee0caf20b894b2e552ef76e36667949f48c14eb3ed943
ART-00766,vivado/microblaze/SNN_ECG_MB_FULL_REPLAY.srcs/sources_1/bd/snn_ecg_mb_full_replay/ip/snn_ecg_mb_full_replay_snn_ecg_axi_accelerator_0_0/snn_ecg_mb_full_replay_snn_ecg_axi_accelerator_0_0.xci,vivado_project,42014,a24adc92da129bfbaba7c78ef8860f7568dba6fe3c3a574d460e1bb62d760556
ART-00767,vivado/microblaze/SNN_ECG_MB_FULL_REPLAY.srcs/sources_1/bd/snn_ecg_mb_full_replay/ip/snn_ecg_mb_full_replay_xbar_0/snn_ecg_mb_full_replay_xbar_0.xci,vivado_project,540247,bd7fc6a125af76a448bba2b107cad752ae1ee392ae7d5b0435d902ec076617b5
ART-00768,vivado/microblaze/SNN_ECG_MB_FULL_REPLAY.srcs/sources_1/bd/snn_ecg_mb_full_replay/ip/snn_ecg_mb_full_replay_xlconcat_0_0/snn_ecg_mb_full_replay_xlconcat_0_0.xci,vivado_project,51720,fb38d034a2eee0955c3c72e389d19d91a711709b1c10e1592deda60d82ab2684
ART-00769,vivado/microblaze/SNN_ECG_MB_FULL_REPLAY.srcs/sources_1/bd/snn_ecg_mb_full_replay/snn_ecg_mb_full_replay.bd,vivado_project,33204,f50af62fd4095a2ce4a82a4f6145bfb0e7d95e5117437b3fa16b81d2d5b72f9b
ART-00770,vivado/microblaze/SNN_ECG_MB_FULL_REPLAY.srcs/sources_1/bd/snn_ecg_mb_full_replay/snn_ecg_mb_full_replay.bda,vivado_project,6965,8e57110115aa4feafd476a09d881a16aba8897434f2226f6038ef44ecbbe55dc
ART-00771,vivado/microblaze/SNN_ECG_MB_FULL_REPLAY.xpr,vivado_project,11295,de67594519d0f559e7a6f97201f1af13edc95cc12446c70ba3205e23d39c6b66
ART-00772,vivado/project_verification.txt,vivado_project,410,e36c2963b2faadb1e859dd2f4e7eecdbf02c3fc4878ea53bb7e9a3f0b735ce66
ART-00773,vivado/pure_rtl/evidence/automatic_export_status.txt,vivado_project,171,a7d9430c3388cc6096899494035579d6ce960b681949529d84395c37ab19fbc8
ART-00774,vivado/pure_rtl/evidence/batch_elaboration_status.txt,vivado_project,166,6ab752f23f3e184a859813ea37cd53f749c2e1d08bbffb91ea9dda56cf0d8bdb
ART-00775,vivado/pure_rtl/evidence/captions_kr.md,vivado_project,1794,863e67c78bec58231c01597e9271030de4f42cb434994a5f57aa094558d675f6
ART-00776,vivado/pure_rtl/evidence/cell_property_probe.txt,vivado_project,214,c36d861c2a830002009f31271c1fb3c0381932159efaff50afc90aed7a19aced
ART-00777,vivado/pure_rtl/evidence/figure_c_decision.txt,vivado_project,209,0d12c7678ec3e647fead3c684902cb98b6686b8e229776eed3eb039c5918f947
ART-00778,vivado/pure_rtl/evidence/hierarchy_report.txt,vivado_project,2445,7a90cd07faa83d5229e4951d4d6d7528cc3e2db9eacb5dd2c37f7a4dfc6aa57e
ART-00779,vivado/pure_rtl/evidence/project_open_status.txt,vivado_project,111,dae1237f9a92edc0f376e5da458b4b820ddb7cf97c5934cd6c4218e75dc87df9
ART-00780,vivado/pure_rtl/evidence/README_KR.md,vivado_project,6414,a5f53d799bc9581fcac67f74e01fec388a05640c9d63db34bd78230dff35f370
ART-00781,vivado/pure_rtl/evidence/selected_cells_snapshot.txt,vivado_project,1327,d6fed1c3da47ee186b6c533e286f2d3a4113baf9814c175ecf0cd720709d0695
ART-00782,vivado/pure_rtl/evidence/selected_cells_top.txt,vivado_project,435,78bd15d539291ce1734f96fb3d0137583ce7de232028db8c3f15353d484caba2
ART-00783,vivado/pure_rtl/evidence/selected_nets_snapshot.txt,vivado_project,1941,4ab9e5cb5cae72f232db85aaece6ad846590c41bcb9f9b596b6d4ff866b84eed
ART-00784,vivado/pure_rtl/evidence/selected_nets_top.txt,vivado_project,1787,2e3fa449ee550bf990cce2b2533f6bb181659c42a8e79d528cb3979b8ded07d6
ART-00785,vivado/pure_rtl/evidence/source_manifest.txt,vivado_project,2817,f0448fe2fd2447d6fc8c9ec6da8de4a3ba1f076217b19db144a3037e334105b0
ART-00786,vivado/pure_rtl/evidence/vivado_capability_report.txt,vivado_project,396,e71df86ee8453e1a74276914d018ee5cc1a968bc5aae39a85c8c6ab1b71084ee
ART-00787,vivado/pure_rtl/project/SNN_ECG_PURE_RTL_VISUALIZATION.xpr,vivado_project,14208,3abd1aed2b698a7281c69de22bebed2cbcfb9b8239e0c656bd6f92e0bf54b33d
ART-00788,vivado/README_KR.md,vivado_project,512,d244a44993ea4195da0c96d11b354ca53b03f3ac39da4d975c109fabe7023032
ART-00789,WORKSPACE_INVENTORY_KR.md,repository_control,2705,ed8d3db60216a69a489ce9ade4ddc221c2aeef397ca4d40b8608a41eb53e2b64
